raw_name,canonical_name,confidence_score,resolution_method,source_context,resolved_at
DeepMark,DeepMark,0.9,NEW_CANONICAL,Y Combinator,2026-09-12T07:59:50.503523+00:00
Maritime,Maritime,0.9,NEW_CANONICAL,Y Combinator,2026-09-12T07:59:50.505639+00:00
Redoubt Insurance,Redoubt Insurance,0.9,NEW_CANONICAL,Y Combinator,2026-09-12T07:59:50.508215+00:00
The Agentic Data Co.,The Agentic Data,0.9,NEW_CANONICAL,Y Combinator,2026-09-12T07:59:50.510505+00:00
Frontrunner,Frontrunner,0.9,NEW_CANONICAL,Y Combinator,2026-09-12T07:59:50.512399+00:00
The Subvocal Company,The Subvocal,0.9,NEW_CANONICAL,Y Combinator,2026-09-12T07:59:50.514796+00:00
Quippy,Quippy,0.9,NEW_CANONICAL,Y Combinator,2026-09-12T07:59:50.516122+00:00
Sona8,Sona8,0.9,NEW_CANONICAL,Y Combinator,2026-09-12T07:59:50.517541+00:00
Sinter,Sinter,0.9,NEW_CANONICAL,Y Combinator,2026-09-12T07:59:50.518967+00:00
Vyra,Vyra,0.9,NEW_CANONICAL,Y Combinator,2026-09-12T07:59:50.521254+00:00
antimattr,Antimattr,0.9,NEW_CANONICAL,Y Combinator,2026-09-12T07:59:50.524101+00:00
Hesper AI,Hesper AI,0.9,NEW_CANONICAL,Y Combinator,2026-09-12T07:59:50.525957+00:00
Covera,Covera,0.9,NEW_CANONICAL,Y Combinator,2026-09-12T07:59:50.527584+00:00
Halmos Labs,Halmos,0.9,NEW_CANONICAL,Y Combinator,2026-09-12T07:59:50.529103+00:00
Dreamscale Labs,Dreamscale,0.9,NEW_CANONICAL,Y Combinator,2026-09-12T07:59:50.531896+00:00
Vorelios,Vorelios,0.9,NEW_CANONICAL,Y Combinator,2026-09-12T07:59:50.536028+00:00
SuperRadiant,SuperRadiant,0.9,NEW_CANONICAL,Y Combinator,2026-09-12T07:59:50.538695+00:00
Orca Aerospace,Orca Aerospace,0.9,NEW_CANONICAL,Y Combinator,2026-09-12T07:59:50.541100+00:00
Hemlock,Hemlock,0.9,NEW_CANONICAL,Y Combinator,2026-09-12T07:59:50.542656+00:00
ORO AI,Oro Ai,0.9,NEW_CANONICAL,Y Combinator,2026-09-12T07:59:50.544295+00:00
Deploy,Deploy,0.9,NEW_CANONICAL,Y Combinator,2026-09-12T07:59:50.545712+00:00
Shepherd Robotics,Shepherd Robotics,0.9,NEW_CANONICAL,Y Combinator,2026-09-12T07:59:50.548384+00:00
Workers IO,Workers IO,0.9,NEW_CANONICAL,Y Combinator,2026-09-12T07:59:50.550441+00:00
Antropi Robotics,Antropi Robotics,0.9,NEW_CANONICAL,Y Combinator,2026-09-12T07:59:50.552837+00:00
ByteAsk,ByteAsk,0.9,NEW_CANONICAL,Y Combinator,2026-09-12T07:59:50.554430+00:00
Hopper,Hopper,0.9,NEW_CANONICAL,Y Combinator,2026-09-12T07:59:50.555819+00:00
Asakana,Asakana,0.9,NEW_CANONICAL,Y Combinator,2026-09-12T07:59:50.557319+00:00
OnePatch,OnePatch,0.9,NEW_CANONICAL,Y Combinator,2026-09-12T07:59:50.559170+00:00
Mirrors,Mirrors,0.9,NEW_CANONICAL,Y Combinator,2026-09-12T07:59:50.560705+00:00
Nodus Compute,Nodus Compute,0.9,NEW_CANONICAL,Y Combinator,2026-09-12T07:59:50.562798+00:00
Micora,Micora,0.9,NEW_CANONICAL,Y Combinator,2026-09-12T07:59:50.564427+00:00
Lantern AI,Lantern AI,0.9,NEW_CANONICAL,Y Combinator,2026-09-12T07:59:50.566433+00:00
Talos,Talos,0.9,NEW_CANONICAL,Y Combinator,2026-09-12T07:59:50.567859+00:00
Forward,Forward,0.9,NEW_CANONICAL,Y Combinator,2026-09-12T07:59:50.569554+00:00
Capveon,Capveon,0.9,NEW_CANONICAL,Y Combinator,2026-09-12T07:59:50.571310+00:00
Ascii,Ascii,0.9,NEW_CANONICAL,Y Combinator,2026-09-12T07:59:50.572792+00:00
Sigma,Sigma,0.9,NEW_CANONICAL,Y Combinator,2026-09-12T07:59:50.574211+00:00
Qokedas,Qokedas,0.9,NEW_CANONICAL,Y Combinator,2026-09-12T07:59:50.577118+00:00
Veeza AI,Veeza AI,0.9,NEW_CANONICAL,Y Combinator,2026-09-12T07:59:50.580319+00:00
Simulithic,Simulithic,0.9,NEW_CANONICAL,Y Combinator,2026-09-12T07:59:50.583511+00:00
Sentient OS,Sentient OS,0.9,NEW_CANONICAL,Y Combinator,2026-09-12T07:59:50.587308+00:00
herdr,Herdr,0.9,NEW_CANONICAL,Y Combinator,2026-09-12T07:59:50.589563+00:00
Lambda Robotics,Lambda Robotics,0.9,NEW_CANONICAL,Y Combinator,2026-09-12T07:59:50.593800+00:00
OpenTag,OpenTag,0.9,NEW_CANONICAL,Y Combinator,2026-09-12T07:59:50.596543+00:00
Conifer,Conifer,0.9,NEW_CANONICAL,Y Combinator,2026-09-12T07:59:50.599702+00:00
Simantic,Simantic,0.9,NEW_CANONICAL,Y Combinator,2026-09-12T07:59:50.601588+00:00
Experiential Labs,Experiential,0.9,NEW_CANONICAL,Y Combinator,2026-09-12T07:59:50.604068+00:00
Edviro,Edviro,0.9,NEW_CANONICAL,Y Combinator,2026-09-12T07:59:50.605886+00:00
Lightfield,Lightfield,0.9,NEW_CANONICAL,Y Combinator,2026-09-12T07:59:50.607779+00:00
CoArena,CoArena,0.9,NEW_CANONICAL,Y Combinator,2026-09-12T07:59:50.609688+00:00
Caution,Caution,0.9,NEW_CANONICAL,Y Combinator,2026-09-12T07:59:50.611467+00:00
Magma,Magma,0.9,NEW_CANONICAL,Y Combinator,2026-09-12T07:59:50.612861+00:00
Atomarine,Atomarine,0.9,NEW_CANONICAL,Y Combinator,2026-09-12T07:59:50.614810+00:00
Billow AI Labs,Billow AI,0.9,NEW_CANONICAL,Y Combinator,2026-09-12T07:59:50.616658+00:00
hardware intelligence,Hardware Intelligence,0.9,NEW_CANONICAL,Y Combinator,2026-09-12T07:59:50.619949+00:00
Osseus,Osseus,0.9,NEW_CANONICAL,Y Combinator,2026-09-12T07:59:50.622571+00:00
Allia Health,Allia Health,0.9,NEW_CANONICAL,Y Combinator,2026-09-12T07:59:50.625224+00:00
Salem Robotics Inc,Salem Robotics,0.9,NEW_CANONICAL,Y Combinator,2026-09-12T07:59:50.627795+00:00
Robocurve,Robocurve,0.9,NEW_CANONICAL,Y Combinator,2026-09-12T07:59:50.629537+00:00
hiloop,Hiloop,0.9,NEW_CANONICAL,Y Combinator,2026-09-12T07:59:50.631016+00:00
CueBench,CueBench,0.9,NEW_CANONICAL,Y Combinator,2026-09-12T07:59:50.632741+00:00
Dawn Industries,Dawn Industries,0.9,NEW_CANONICAL,Y Combinator,2026-09-12T07:59:50.635262+00:00
Nex,Nex,0.9,NEW_CANONICAL,Y Combinator,2026-09-12T07:59:50.636868+00:00
OneCLI,OneCLI,0.9,NEW_CANONICAL,Y Combinator,2026-09-12T07:59:50.638580+00:00
"Vernius Systems, Inc.",Vernius,0.9,NEW_CANONICAL,Y Combinator,2026-09-12T07:59:50.640388+00:00
Wondering,Wondering,0.9,NEW_CANONICAL,Y Combinator,2026-09-12T07:59:50.642266+00:00
Tracer,Tracer,0.9,NEW_CANONICAL,Y Combinator,2026-09-12T07:59:50.643846+00:00
Avoca Systems,Avoca,0.9,NEW_CANONICAL,Y Combinator,2026-09-12T07:59:50.645262+00:00
SubVysion,SubVysion,0.9,NEW_CANONICAL,Y Combinator,2026-09-12T07:59:50.647011+00:00
Ethos Space Resources,Ethos Space Resources,0.9,NEW_CANONICAL,Y Combinator,2026-09-12T07:59:50.650113+00:00
"SpaceFlow Technologies, Inc.",SpaceFlow,0.9,NEW_CANONICAL,Y Combinator,2026-09-12T07:59:50.652283+00:00
Petrarch,Petrarch,0.9,NEW_CANONICAL,Y Combinator,2026-09-12T07:59:50.655535+00:00
Locke,Locke,0.9,NEW_CANONICAL,Y Combinator,2026-09-12T07:59:50.657603+00:00
Florin,Florin,0.9,NEW_CANONICAL,Y Combinator,2026-09-12T07:59:50.659233+00:00
Earendil Robotics,Earendil Robotics,0.9,NEW_CANONICAL,Y Combinator,2026-09-12T07:59:50.661947+00:00
Hebbian Robotics,Hebbian Robotics,0.9,NEW_CANONICAL,Y Combinator,2026-09-12T07:59:50.664553+00:00
PRINCEPS,Princeps,0.9,NEW_CANONICAL,Y Combinator,2026-09-12T07:59:50.666378+00:00
Hop Aero,Hop Aero,0.9,NEW_CANONICAL,Y Combinator,2026-09-12T07:59:50.668270+00:00
Agent FM,Agent FM,0.9,NEW_CANONICAL,Y Combinator,2026-09-12T07:59:50.670422+00:00
OpenRelay,OpenRelay,0.9,NEW_CANONICAL,Y Combinator,2026-09-12T07:59:50.673114+00:00
Dock,Dock,0.9,NEW_CANONICAL,Y Combinator,2026-09-12T07:59:50.674307+00:00
Verdict Machine,Verdict Machine,0.9,NEW_CANONICAL,Y Combinator,2026-09-12T07:59:50.676876+00:00
TovenAI,TovenAI,0.9,NEW_CANONICAL,Y Combinator,2026-09-12T07:59:50.678672+00:00
HyperProbe,HyperProbe,0.9,NEW_CANONICAL,Y Combinator,2026-09-12T07:59:50.680488+00:00
Grip,Grip,0.9,NEW_CANONICAL,Y Combinator,2026-09-12T07:59:50.681815+00:00
Skymerse,Skymerse,0.9,NEW_CANONICAL,Y Combinator,2026-09-12T07:59:50.683703+00:00
Hubble,Hubble,0.9,NEW_CANONICAL,Y Combinator,2026-09-12T07:59:50.685227+00:00
Palisade,Palisade,0.9,NEW_CANONICAL,Y Combinator,2026-09-12T07:59:50.687251+00:00
83 Sciences,83 Sciences,0.9,NEW_CANONICAL,Y Combinator,2026-09-12T07:59:50.689291+00:00
Chromie,Chromie,0.9,NEW_CANONICAL,Y Combinator,2026-09-12T07:59:50.691100+00:00
Lamb Labs,Lambda Labs,0.8,FUZZY_TOKEN_SET,Y Combinator,2026-09-12T07:59:50.692327+00:00
Shiraz AI,Shiraz AI,0.9,NEW_CANONICAL,Y Combinator,2026-09-12T07:59:50.694365+00:00
Mireye,Mireye,0.9,NEW_CANONICAL,Y Combinator,2026-09-12T07:59:50.695940+00:00
Touchy,Touchy,0.9,NEW_CANONICAL,Y Combinator,2026-09-12T07:59:50.697332+00:00
Derya,Derya,0.9,NEW_CANONICAL,Y Combinator,2026-09-12T07:59:50.698887+00:00
Pennant,Pennant,0.9,NEW_CANONICAL,Y Combinator,2026-09-12T07:59:50.700730+00:00
Decawork,Decawork,0.9,NEW_CANONICAL,Y Combinator,2026-09-12T07:59:50.703631+00:00
CarSignal,CarSignal,0.9,NEW_CANONICAL,Y Combinator,2026-09-12T07:59:50.705704+00:00
Axelrod,Axelrod,0.9,NEW_CANONICAL,Y Combinator,2026-09-12T07:59:50.707349+00:00
Levocred AI,Levocred AI,0.9,NEW_CANONICAL,Y Combinator,2026-09-12T07:59:50.709528+00:00
Praxis Robotics,Praxis Robotics,0.9,NEW_CANONICAL,Y Combinator,2026-09-12T07:59:50.712149+00:00
Care GP,Care GP,0.9,NEW_CANONICAL,Y Combinator,2026-09-12T07:59:50.713846+00:00
Radley,Radley,0.9,NEW_CANONICAL,Y Combinator,2026-09-12T07:59:50.715725+00:00
Agnost AI,Agnost AI,0.9,NEW_CANONICAL,Y Combinator,2026-09-12T07:59:50.717680+00:00
Agentcard,Agentcard,0.9,NEW_CANONICAL,Y Combinator,2026-09-12T07:59:50.719699+00:00
ProvenMetal,ProvenMetal,0.9,NEW_CANONICAL,Y Combinator,2026-09-12T07:59:50.722040+00:00
Gamgee,Gamgee,0.9,NEW_CANONICAL,Y Combinator,2026-09-12T07:59:50.723610+00:00
Inkbox,Inkbox,0.9,NEW_CANONICAL,Y Combinator,2026-09-12T07:59:50.725347+00:00
Cosmic Robotics,Cosmic Robotics,0.9,NEW_CANONICAL,Y Combinator,2026-09-12T07:59:50.728004+00:00
Markov,Markov,0.9,NEW_CANONICAL,Y Combinator,2026-09-12T07:59:50.729718+00:00
Familiar,Familiar,0.9,NEW_CANONICAL,Y Combinator,2026-09-12T07:59:50.732848+00:00
Lumeria,Lumeria,0.9,NEW_CANONICAL,Y Combinator,2026-09-12T07:59:50.735728+00:00
Marengo,Marengo,0.9,NEW_CANONICAL,Y Combinator,2026-09-12T07:59:50.738040+00:00
RonanRx Inc.,RonanRx,0.9,NEW_CANONICAL,Y Combinator,2026-09-12T07:59:50.739840+00:00
Waybill,Waybill,0.9,NEW_CANONICAL,Y Combinator,2026-09-12T07:59:50.741465+00:00
Executor,Executor,0.9,NEW_CANONICAL,Y Combinator,2026-09-12T07:59:50.743138+00:00
Last Accounting Company,Last Accounting,0.9,NEW_CANONICAL,Y Combinator,2026-09-12T07:59:50.745615+00:00
Pacific,Pacific,0.9,NEW_CANONICAL,Y Combinator,2026-09-12T07:59:50.748140+00:00
Luca IQ,Luca IQ,0.9,NEW_CANONICAL,Y Combinator,2026-09-12T07:59:50.750027+00:00
Financial Datasets,Financial Datasets,0.9,NEW_CANONICAL,Y Combinator,2026-09-12T07:59:50.754014+00:00
TryNearby,TryNearby,0.9,NEW_CANONICAL,Y Combinator,2026-09-12T07:59:50.756179+00:00
Computable,Computable,0.9,NEW_CANONICAL,Y Combinator,2026-09-12T07:59:50.758259+00:00
Denta,Denta,0.9,NEW_CANONICAL,Y Combinator,2026-09-12T07:59:50.759806+00:00
Isengard Industries Inc,Isengard Industries,0.9,NEW_CANONICAL,Y Combinator,2026-09-12T07:59:50.762806+00:00
Ekho Labs,Ekho,0.9,NEW_CANONICAL,Y Combinator,2026-09-12T07:59:50.764035+00:00
Moving Atoms,Moving Atoms,0.9,NEW_CANONICAL,Y Combinator,2026-09-12T07:59:50.766264+00:00
Vestris,Vestris,0.9,NEW_CANONICAL,Y Combinator,2026-09-12T07:59:50.768018+00:00
Ultrasonium,Ultrasonium,0.9,NEW_CANONICAL,Y Combinator,2026-09-12T07:59:50.770352+00:00
Arbital,Arbital,0.9,NEW_CANONICAL,Y Combinator,2026-09-12T07:59:50.772086+00:00
PokerClubHub,PokerClubHub,0.9,NEW_CANONICAL,Y Combinator,2026-09-12T07:59:50.774087+00:00
Neuron Industries,Neuron Industries,0.9,NEW_CANONICAL,Y Combinator,2026-09-12T07:59:50.777048+00:00
Neuromorphic,Neuromorphic,0.9,NEW_CANONICAL,Y Combinator,2026-09-12T07:59:50.779236+00:00
LATO,Lato,0.9,NEW_CANONICAL,Y Combinator,2026-09-12T07:59:50.780564+00:00
Risklytics,Risklytics,0.9,NEW_CANONICAL,Y Combinator,2026-09-12T07:59:50.782471+00:00
Daqstra,Daqstra,0.9,NEW_CANONICAL,Y Combinator,2026-09-12T07:59:50.784112+00:00
Tenor,Tenor,0.9,NEW_CANONICAL,Y Combinator,2026-09-12T07:59:50.785514+00:00
Qlo,Qlo,0.9,NEW_CANONICAL,Y Combinator,2026-09-12T07:59:50.786644+00:00
Fabraix,Fabraix,0.9,NEW_CANONICAL,Y Combinator,2026-09-12T07:59:50.788337+00:00
Omanta,Omanta,0.9,NEW_CANONICAL,Y Combinator,2026-09-12T07:59:50.789956+00:00
Rational,Rational,0.9,NEW_CANONICAL,Y Combinator,2026-09-12T07:59:50.791804+00:00
Aktoria Robotics,Aktoria Robotics,0.9,NEW_CANONICAL,Y Combinator,2026-09-12T07:59:50.795210+00:00
Vendo,Vendo,0.9,NEW_CANONICAL,Y Combinator,2026-09-12T07:59:50.796792+00:00
Akon Labs,Akon,0.9,NEW_CANONICAL,Y Combinator,2026-09-12T07:59:50.798094+00:00
Click,Click,0.9,NEW_CANONICAL,Y Combinator,2026-09-12T07:59:50.799519+00:00
Whitespace,Whitespace,0.9,NEW_CANONICAL,Y Combinator,2026-09-12T07:59:50.801634+00:00
Almanac,Almanac,0.9,NEW_CANONICAL,Y Combinator,2026-09-12T07:59:50.803881+00:00
TareBio,TareBio,0.9,NEW_CANONICAL,Y Combinator,2026-09-12T07:59:50.805697+00:00
Greypoint Industries,Greypoint Industries,0.9,NEW_CANONICAL,Y Combinator,2026-09-12T07:59:50.809091+00:00
Hilstart,Hilstart,0.9,NEW_CANONICAL,Y Combinator,2026-09-12T07:59:50.810923+00:00
Aerogen Systems,Aerogen,0.9,NEW_CANONICAL,Y Combinator,2026-09-12T07:59:50.812553+00:00
Graphify Labs,Graphify,0.9,NEW_CANONICAL,Y Combinator,2026-09-12T07:59:50.814365+00:00
Ooak Data,Ooak Data,0.9,NEW_CANONICAL,Y Combinator,2026-09-12T07:59:50.816260+00:00
Nori,Nori,0.9,NEW_CANONICAL,Y Combinator,2026-09-12T07:59:50.817640+00:00
6thSense,6thSense,0.9,NEW_CANONICAL,Y Combinator,2026-09-12T07:59:50.819440+00:00
Bloomy,Bloomy,0.9,NEW_CANONICAL,Y Combinator,2026-09-12T07:59:50.820812+00:00
machine0,Machine0,0.9,NEW_CANONICAL,Y Combinator,2026-09-12T07:59:50.822639+00:00
Pluto,Pluto,0.9,NEW_CANONICAL,Y Combinator,2026-09-12T07:59:50.824228+00:00
FlowManual,FlowManual,0.9,NEW_CANONICAL,Y Combinator,2026-09-12T07:59:50.826294+00:00
Elite,Elite,0.9,NEW_CANONICAL,Y Combinator,2026-09-12T07:59:50.827756+00:00
Peer,Peer,0.9,NEW_CANONICAL,Y Combinator,2026-09-12T07:59:50.829029+00:00
Molagri,Molagri,0.9,NEW_CANONICAL,Y Combinator,2026-09-12T07:59:50.830822+00:00
Cerenovus,Cerenovus,0.9,NEW_CANONICAL,Y Combinator,2026-09-12T07:59:50.832604+00:00
Agency Tool Company,Agency Tool,0.9,NEW_CANONICAL,Y Combinator,2026-09-12T07:59:50.834674+00:00
Standard Machines,Standard Machines,0.9,NEW_CANONICAL,Y Combinator,2026-09-12T07:59:50.837435+00:00
EdotEnv,EdotEnv,0.9,NEW_CANONICAL,Y Combinator,2026-09-12T07:59:50.839067+00:00
Traceforce,Traceforce,0.9,NEW_CANONICAL,Y Combinator,2026-09-12T07:59:50.841115+00:00
Veltha,Veltha,0.9,NEW_CANONICAL,Y Combinator,2026-09-12T07:59:50.842733+00:00
Tarifflo Inc.,Tarifflo,0.9,NEW_CANONICAL,Y Combinator,2026-09-12T07:59:50.844572+00:00
Callbook AI,Callbook AI,0.9,NEW_CANONICAL,Y Combinator,2026-09-12T07:59:50.846690+00:00
Definite,Definite,0.9,NEW_CANONICAL,Y Combinator,2026-09-12T07:59:50.848556+00:00
Alkera AI,Alkera AI,0.9,NEW_CANONICAL,Y Combinator,2026-09-12T07:59:50.850564+00:00
Rasyn,Rasyn,0.9,NEW_CANONICAL,Y Combinator,2026-09-12T07:59:50.852058+00:00
Manifold,Manifold,0.9,NEW_CANONICAL,Y Combinator,2026-09-12T07:59:50.853963+00:00
screenpipe,Screenpipe,0.9,NEW_CANONICAL,Y Combinator,2026-09-12T07:59:50.856261+00:00
Spectre Intelligence,Spectre Intelligence,0.9,NEW_CANONICAL,Y Combinator,2026-09-12T07:59:50.859405+00:00
Zaplar,Zaplar,0.9,NEW_CANONICAL,Y Combinator,2026-09-12T07:59:50.861046+00:00
Prodigy Research,Prodigy Research,0.9,NEW_CANONICAL,Y Combinator,2026-09-12T07:59:50.863754+00:00
Touchmark,Touchmark,0.9,NEW_CANONICAL,Y Combinator,2026-09-12T07:59:50.865732+00:00
Exosat,Exosat,0.9,NEW_CANONICAL,Y Combinator,2026-09-12T07:59:50.867402+00:00
Codag,Codag,0.9,NEW_CANONICAL,Y Combinator,2026-09-12T07:59:50.868953+00:00
Context.dev,Context.dev,0.9,NEW_CANONICAL,Y Combinator,2026-09-12T07:59:50.871193+00:00
Glen,Glean,0.89,FUZZY_TOKEN_SET,Y Combinator,2026-09-12T07:59:50.872546+00:00
Stoa,Stoa,0.9,NEW_CANONICAL,Y Combinator,2026-09-12T07:59:50.873946+00:00
Marble,Marble,0.9,NEW_CANONICAL,Y Combinator,2026-09-12T07:59:50.875561+00:00
Audun,Audun,0.9,NEW_CANONICAL,Y Combinator,2026-09-12T07:59:50.876877+00:00
Grocalo,Grocalo,0.9,NEW_CANONICAL,Y Combinator,2026-09-12T07:59:50.878712+00:00
COACH,Coach,0.9,NEW_CANONICAL,Y Combinator,2026-09-12T07:59:50.880220+00:00
DeepReach Inc.,DeepReach,0.9,NEW_CANONICAL,Y Combinator,2026-09-12T07:59:50.882266+00:00
Mochi,Mochi,0.9,NEW_CANONICAL,Y Combinator,2026-09-12T07:59:50.883814+00:00
Alloovium,Alloovium,0.9,NEW_CANONICAL,Y Combinator,2026-09-12T07:59:50.885993+00:00
Dialogus,Dialogus,0.9,NEW_CANONICAL,Y Combinator,2026-09-12T07:59:50.889502+00:00
Mosaic,Mosaic,0.9,NEW_CANONICAL,Y Combinator,2026-09-12T07:59:50.892853+00:00
Bizmark,Bizmark,0.9,NEW_CANONICAL,Y Combinator,2026-09-12T07:59:50.895060+00:00
Riften,Riften,0.9,NEW_CANONICAL,Y Combinator,2026-09-12T07:59:50.897907+00:00
Buildbox,Buildbox,0.9,NEW_CANONICAL,Y Combinator,2026-09-12T07:59:50.900850+00:00
RealPact,RealPact,0.9,NEW_CANONICAL,Y Combinator,2026-09-12T07:59:50.903398+00:00
GUILD,Guild,0.9,NEW_CANONICAL,Y Combinator,2026-09-12T07:59:50.905752+00:00
Floracene,Floracene,0.9,NEW_CANONICAL,Y Combinator,2026-09-12T07:59:50.908000+00:00
Rise Reforming,Rise Reforming,0.9,NEW_CANONICAL,Y Combinator,2026-09-12T07:59:50.910598+00:00
Lyon,Lyon,0.9,NEW_CANONICAL,Y Combinator,2026-09-12T07:59:50.911905+00:00
Instaplay,Instaplay,0.9,NEW_CANONICAL,Y Combinator,2026-09-12T07:59:50.913890+00:00
Verdant,Verdant,0.9,NEW_CANONICAL,Y Combinator,2026-09-12T07:59:50.915769+00:00
IMPACT Drones,IMPACT Drones,0.9,NEW_CANONICAL,Y Combinator,2026-09-12T07:59:50.918277+00:00
Insurf,Insurf,0.9,NEW_CANONICAL,Y Combinator,2026-09-12T07:59:50.920730+00:00
Jcode,Jcode,0.9,NEW_CANONICAL,Y Combinator,2026-09-12T07:59:50.923346+00:00
LemonLime,LemonLime,0.9,NEW_CANONICAL,Y Combinator,2026-09-12T07:59:50.927000+00:00
Gutgutgoose,Gutgutgoose,0.9,NEW_CANONICAL,Y Combinator,2026-09-12T07:59:50.930582+00:00
Speko,Speko,0.9,NEW_CANONICAL,Y Combinator,2026-09-12T07:59:50.933216+00:00
Synapse Semiconductor,Synapse Semiconductor,0.9,NEW_CANONICAL,Y Combinator,2026-09-12T07:59:50.939238+00:00
Orchestra,Orchestra,0.9,NEW_CANONICAL,Y Combinator,2026-09-12T07:59:50.942456+00:00
Rote,Rote,0.9,NEW_CANONICAL,Y Combinator,2026-09-12T07:59:50.944057+00:00
Prized,Prized,0.9,NEW_CANONICAL,Y Combinator,2026-09-12T07:59:50.946022+00:00
Studio,Udio,0.8,FUZZY_TOKEN_SET,Y Combinator,2026-09-12T07:59:50.947820+00:00
Bernard,Bernard,0.9,NEW_CANONICAL,Y Combinator,2026-09-12T07:59:50.949841+00:00
Maingen,Maingen,0.9,NEW_CANONICAL,Y Combinator,2026-09-12T07:59:50.952396+00:00
Enact,Enact,0.9,NEW_CANONICAL,Y Combinator,2026-09-12T07:59:50.955305+00:00
Rex,Rex,0.9,NEW_CANONICAL,Y Combinator,2026-09-12T07:59:50.956689+00:00
Zomma,Zomma,0.9,NEW_CANONICAL,Y Combinator,2026-09-12T07:59:50.958234+00:00
Nebula Security,Nebula Security,0.9,NEW_CANONICAL,Y Combinator,2026-09-12T07:59:50.961179+00:00
Kara,Kara,0.9,NEW_CANONICAL,Y Combinator,2026-09-12T07:59:50.962726+00:00
Trope,Trope,0.9,NEW_CANONICAL,Y Combinator,2026-09-12T07:59:50.964299+00:00
Parasma,Parasma,0.9,NEW_CANONICAL,Y Combinator,2026-09-12T07:59:50.966336+00:00
Belvedir,Belvedir,0.9,NEW_CANONICAL,Y Combinator,2026-09-12T07:59:50.968518+00:00
Shielded,Shielded,0.9,NEW_CANONICAL,Y Combinator,2026-09-12T07:59:50.970611+00:00
Olam Labs,Olam,0.9,NEW_CANONICAL,Y Combinator,2026-09-12T07:59:50.972144+00:00
Egoist Machines,Egoist Machines,0.9,NEW_CANONICAL,Y Combinator,2026-09-12T07:59:50.975060+00:00
Mass Magnetics,Mass Magnetics,0.9,NEW_CANONICAL,Y Combinator,2026-09-12T07:59:50.977994+00:00
Perceptron ML,Perceptron ML,0.9,NEW_CANONICAL,Y Combinator,2026-09-12T07:59:50.980998+00:00
Erinys,Erinys,0.9,NEW_CANONICAL,Y Combinator,2026-09-12T07:59:50.985008+00:00
HERA,Hera,0.9,NEW_CANONICAL,Y Combinator,2026-09-12T07:59:50.988679+00:00
Donkey,Donkey,0.9,NEW_CANONICAL,Y Combinator,2026-09-12T07:59:50.990548+00:00
Moonshot,Moonshot,0.9,NEW_CANONICAL,Y Combinator,2026-09-12T07:59:50.992424+00:00
Hoplite,Hoplite,0.9,NEW_CANONICAL,Y Combinator,2026-09-12T07:59:50.994421+00:00
Pango,Pango,0.9,NEW_CANONICAL,Y Combinator,2026-09-12T07:59:50.996057+00:00
tash,Tash,0.9,NEW_CANONICAL,Y Combinator,2026-09-12T07:59:50.997489+00:00
Torus,Torus,0.9,NEW_CANONICAL,Y Combinator,2026-09-12T07:59:50.999109+00:00
Kebra,Kebra,0.9,NEW_CANONICAL,Y Combinator,2026-09-12T07:59:51.000915+00:00
GitCafe,GitCafe,0.9,NEW_CANONICAL,Y Combinator,2026-09-12T07:59:51.003077+00:00
RightNow,RightNow,0.9,NEW_CANONICAL,Y Combinator,2026-09-12T07:59:51.005492+00:00
Edgerun,Edgerun,0.9,NEW_CANONICAL,Y Combinator,2026-09-12T07:59:51.007443+00:00
Akkari,Akkari,0.9,NEW_CANONICAL,Y Combinator,2026-09-12T07:59:51.009284+00:00
HeyClicky,HeyClicky,0.9,NEW_CANONICAL,Y Combinator,2026-09-12T07:59:51.011425+00:00
Rindler,Rindler,0.9,NEW_CANONICAL,Y Combinator,2026-09-12T07:59:51.013436+00:00
Proprio Robotics,Proprio Robotics,0.9,NEW_CANONICAL,Y Combinator,2026-09-12T07:59:51.016819+00:00
Huscarl,Huscarl,0.9,NEW_CANONICAL,Y Combinator,2026-09-12T07:59:51.018900+00:00
Thomas,Thomas,0.9,NEW_CANONICAL,Y Combinator,2026-09-12T07:59:51.020953+00:00
Cohesion,Cohesion,0.9,NEW_CANONICAL,Y Combinator,2026-09-12T07:59:51.023263+00:00
Maquoketa Research,Maquoketa Research,0.9,NEW_CANONICAL,Y Combinator,2026-09-12T07:59:51.026591+00:00
Intelligence Factory,Intelligence Factory,0.9,NEW_CANONICAL,Y Combinator,2026-09-12T07:59:51.030139+00:00
Amorphic Labs,Amorphic,0.9,NEW_CANONICAL,Y Combinator,2026-09-12T07:59:51.032206+00:00
rekursiv.ai,Rekursiv.Ai,0.9,NEW_CANONICAL,Y Combinator,2026-09-12T07:59:51.034272+00:00
Clawvisor,Clawvisor,0.9,NEW_CANONICAL,Y Combinator,2026-09-12T07:59:51.036623+00:00
Framewise Health,Framewise Health,0.9,NEW_CANONICAL,Y Combinator,2026-09-12T07:59:51.039767+00:00
Arctic Health,Arctic Health,0.9,NEW_CANONICAL,Y Combinator,2026-09-12T07:59:51.042362+00:00
Enjamb Labs,Enjamb,0.9,NEW_CANONICAL,Y Combinator,2026-09-12T07:59:51.044145+00:00
Hyper,Hyper,0.9,NEW_CANONICAL,Y Combinator,2026-09-12T07:59:51.045866+00:00
InsForge,InsForge,0.9,NEW_CANONICAL,Y Combinator,2026-09-12T07:59:51.047836+00:00
ReasonBlocks,ReasonBlocks,0.9,NEW_CANONICAL,Y Combinator,2026-09-12T07:59:51.050279+00:00
Modern,Modern,0.9,NEW_CANONICAL,Y Combinator,2026-09-12T07:59:51.052071+00:00
Panacea,Panacea,0.9,NEW_CANONICAL,Y Combinator,2026-09-12T07:59:51.054298+00:00
CentralComs,CentralComs,0.9,NEW_CANONICAL,Y Combinator,2026-09-12T07:59:51.056739+00:00
KugelAudio,KugelAudio,0.9,NEW_CANONICAL,Y Combinator,2026-09-12T07:59:51.059105+00:00
Klaimee,Klaimee,0.9,NEW_CANONICAL,Y Combinator,2026-09-12T07:59:51.061040+00:00
flowscope,Flowscope,0.9,NEW_CANONICAL,Y Combinator,2026-09-12T07:59:51.063012+00:00
Trident,Trident,0.9,NEW_CANONICAL,Y Combinator,2026-09-12T07:59:51.064962+00:00
Gigacatalyst,Gigacatalyst,0.9,NEW_CANONICAL,Y Combinator,2026-09-12T07:59:51.067414+00:00
Arlo Industries,Arlo Industries,0.9,NEW_CANONICAL,Y Combinator,2026-09-12T07:59:51.070375+00:00
Astraea,Astraea,0.9,NEW_CANONICAL,Y Combinator,2026-09-12T07:59:51.072373+00:00
Lattice Health,Lattice Health,0.9,NEW_CANONICAL,Y Combinator,2026-09-12T07:59:51.075106+00:00
Atlas Discovery,Atlas Discovery,0.9,NEW_CANONICAL,Y Combinator,2026-09-12T07:59:51.078150+00:00
Manicule,Manicule,0.9,NEW_CANONICAL,Y Combinator,2026-09-12T07:59:51.080404+00:00
Avea Robotics,Avea Robotics,0.9,NEW_CANONICAL,Y Combinator,2026-09-12T07:59:51.083083+00:00
Mochatrade,Mochatrade,0.9,NEW_CANONICAL,Y Combinator,2026-09-12T07:59:51.085476+00:00
Asendia AI,Asendia AI,0.9,NEW_CANONICAL,Y Combinator,2026-09-12T07:59:51.088341+00:00
Revnu,Revnu,0.9,NEW_CANONICAL,Y Combinator,2026-09-12T07:59:51.090024+00:00
Uno Wallet,Uno Wallet,0.9,NEW_CANONICAL,Y Combinator,2026-09-12T07:59:51.092434+00:00
Arden,Arden,0.9,NEW_CANONICAL,Y Combinator,2026-09-12T07:59:51.094118+00:00
AgentPhone,AgentPhone,0.9,NEW_CANONICAL,Y Combinator,2026-09-12T07:59:51.096350+00:00
Gravy,Gravy,0.9,NEW_CANONICAL,Y Combinator,2026-09-12T07:59:51.097972+00:00
Kinect,Kinect,0.9,NEW_CANONICAL,Y Combinator,2026-09-12T07:59:51.099723+00:00
Runtime,Runtime,0.9,NEW_CANONICAL,Y Combinator,2026-09-12T07:59:51.101678+00:00
YouArt,YouArt,0.9,NEW_CANONICAL,Y Combinator,2026-09-12T07:59:51.103496+00:00
Expanse,Expanse,0.9,NEW_CANONICAL,Y Combinator,2026-09-12T07:59:51.105443+00:00
CharacterQuilt,CharacterQuilt,0.9,NEW_CANONICAL,Y Combinator,2026-09-12T07:59:51.108507+00:00
Pentagon,Pentagon,0.9,NEW_CANONICAL,Y Combinator,2026-09-12T07:59:51.110726+00:00
Arzana,Arzana,0.9,NEW_CANONICAL,Y Combinator,2026-09-12T07:59:51.112487+00:00
Auxos,Auxos,0.9,NEW_CANONICAL,Y Combinator,2026-09-12T07:59:51.114016+00:00
ProjectX,ProjectX,0.9,NEW_CANONICAL,Y Combinator,2026-09-12T07:59:51.116054+00:00
Tolmo,Tolmo,0.9,NEW_CANONICAL,Y Combinator,2026-09-12T07:59:51.117846+00:00
OpenWork,OpenWork,0.9,NEW_CANONICAL,Y Combinator,2026-09-12T07:59:51.119938+00:00
"Apollo Atomics, Inc.",Apollo Atomics,0.9,NEW_CANONICAL,Y Combinator,2026-09-12T07:59:51.122677+00:00
General Aviation,General Aviation,0.9,NEW_CANONICAL,Y Combinator,2026-09-12T07:59:51.125755+00:00
OpenProse,OpenProse,0.9,NEW_CANONICAL,Y Combinator,2026-09-12T07:59:51.127934+00:00
Aster,Aster,0.9,NEW_CANONICAL,Y Combinator,2026-09-12T07:59:51.129564+00:00
Amboras,Amboras,0.9,NEW_CANONICAL,Y Combinator,2026-09-12T07:59:51.131536+00:00
Hessian,Hessian,0.9,NEW_CANONICAL,Y Combinator,2026-09-12T07:59:51.133546+00:00
Mentlio,Mentlio,0.9,NEW_CANONICAL,Y Combinator,2026-09-12T07:59:51.135560+00:00
RASPIRE,Raspire,0.9,NEW_CANONICAL,Y Combinator,2026-09-12T07:59:51.137648+00:00
Plena Health,Plena Health,0.9,NEW_CANONICAL,Y Combinator,2026-09-12T07:59:51.140482+00:00
TesterArmy,TesterArmy,0.9,NEW_CANONICAL,Y Combinator,2026-09-12T07:59:51.142710+00:00
Eden Robotics,Eden Robotics,0.9,NEW_CANONICAL,Y Combinator,2026-09-12T07:59:51.145377+00:00
Foaster,Foaster,0.9,NEW_CANONICAL,Y Combinator,2026-09-12T07:59:51.147373+00:00
AquaShield,AquaShield,0.9,NEW_CANONICAL,Y Combinator,2026-09-12T07:59:51.149701+00:00
Ornadyne,Ornadyne,0.9,NEW_CANONICAL,Y Combinator,2026-09-12T07:59:51.151882+00:00
ANORIA,Anoria,0.9,NEW_CANONICAL,Y Combinator,2026-09-12T07:59:51.153818+00:00
AbInitio Bio,AbInitio Bio,0.9,NEW_CANONICAL,Y Combinator,2026-09-12T07:59:51.156169+00:00
Memory Store,Memory Store,0.9,NEW_CANONICAL,Y Combinator,2026-09-12T07:59:51.158519+00:00
Saudara AI,Saudara AI,0.9,NEW_CANONICAL,Y Combinator,2026-09-12T07:59:51.160796+00:00
Pops,Pops,0.9,NEW_CANONICAL,Y Combinator,2026-09-12T07:59:51.162105+00:00
Silmaril,Silmaril,0.9,NEW_CANONICAL,Y Combinator,2026-09-12T07:59:51.164158+00:00
BioStack Platforms,BioStack Platforms,0.9,NEW_CANONICAL,Y Combinator,2026-09-12T07:59:51.167103+00:00
Ardent,Ardent,0.9,NEW_CANONICAL,Y Combinator,2026-09-12T07:59:51.168847+00:00
Kuli,Kuli,0.9,NEW_CANONICAL,Y Combinator,2026-09-12T07:59:51.170286+00:00
Wato,Wato,0.9,NEW_CANONICAL,Y Combinator,2026-09-12T07:59:51.172301+00:00
Tasklet,Tasklet,0.9,NEW_CANONICAL,Y Combinator,2026-09-12T07:59:51.174204+00:00
Chronicle Labs,Chronicle,0.9,NEW_CANONICAL,Y Combinator,2026-09-12T07:59:51.176676+00:00
Walter,Walter,0.9,NEW_CANONICAL,Y Combinator,2026-09-12T07:59:51.179255+00:00
Aseon Labs,Aseon,0.9,NEW_CANONICAL,Y Combinator,2026-09-12T07:59:51.181683+00:00
Soria,Soria,0.9,NEW_CANONICAL,Y Combinator,2026-09-12T07:59:51.183543+00:00
Armature,Armature,0.9,NEW_CANONICAL,Y Combinator,2026-09-12T07:59:51.189045+00:00
Collar,Collar,0.9,NEW_CANONICAL,Y Combinator,2026-09-12T07:59:51.191143+00:00
PLAN0 AI,Plan0 Ai,0.9,NEW_CANONICAL,Y Combinator,2026-09-12T07:59:51.193217+00:00
Zibra Labs,Zibra,0.9,NEW_CANONICAL,Y Combinator,2026-09-12T07:59:51.195008+00:00
Reason Machines,Reason Machines,0.9,NEW_CANONICAL,Y Combinator,2026-09-12T07:59:51.198110+00:00
ValCtrl,ValCtrl,0.9,NEW_CANONICAL,Y Combinator,2026-09-12T07:59:51.199998+00:00
General Instinct,General Instinct,0.9,NEW_CANONICAL,Y Combinator,2026-09-12T07:59:51.203498+00:00
tday.com,Tday.Com,0.9,NEW_CANONICAL,Y Combinator,2026-09-12T07:59:51.205081+00:00
E1O,E1O,0.9,NEW_CANONICAL,Y Combinator,2026-09-12T07:59:51.206391+00:00
Minicor,Minicor,0.9,NEW_CANONICAL,Y Combinator,2026-09-12T07:59:51.208251+00:00
Degla Inc,Degla,0.9,NEW_CANONICAL,Y Combinator,2026-09-12T07:59:51.209952+00:00
Archer,Archer,0.9,NEW_CANONICAL,Y Combinator,2026-09-12T07:59:51.211664+00:00
River Markets,River Markets,0.9,NEW_CANONICAL,Y Combinator,2026-09-12T07:59:51.214365+00:00
smol machines,Smol Machines,0.9,NEW_CANONICAL,Y Combinator,2026-09-12T07:59:51.217435+00:00
Allowance,Allowance,0.9,NEW_CANONICAL,Y Combinator,2026-09-12T07:59:51.219791+00:00
Harbor,Harbor,0.9,NEW_CANONICAL,Y Combinator,2026-09-12T07:59:51.221996+00:00
Complir,Complir,0.9,NEW_CANONICAL,Y Combinator,2026-09-12T07:59:51.223985+00:00
AICE,Aice,0.9,NEW_CANONICAL,Y Combinator,2026-09-12T07:59:51.225450+00:00
Infera,Infera,0.9,NEW_CANONICAL,Y Combinator,2026-09-12T07:59:51.227236+00:00
Mount,Mount,0.9,NEW_CANONICAL,Y Combinator,2026-09-12T07:59:51.228758+00:00
Parrot,Parrot,0.9,NEW_CANONICAL,Y Combinator,2026-09-12T07:59:51.230716+00:00
Result,Result,0.9,NEW_CANONICAL,Y Combinator,2026-09-12T07:59:51.232530+00:00
Sidekick,Sidekick,0.9,NEW_CANONICAL,Y Combinator,2026-09-12T07:59:51.234573+00:00
Prototyping.io,Prototyping.io,0.9,NEW_CANONICAL,Y Combinator,2026-09-12T07:59:51.236977+00:00
Lumius,Lumius,0.9,NEW_CANONICAL,Y Combinator,2026-09-12T07:59:51.238681+00:00
Adialante,Adialante,0.9,NEW_CANONICAL,Y Combinator,2026-09-12T07:59:51.240828+00:00
Savant,Savant,0.9,NEW_CANONICAL,Y Combinator,2026-09-12T07:59:51.242622+00:00
Keyframe Labs,Keyframe,0.9,NEW_CANONICAL,Y Combinator,2026-09-12T07:59:51.244672+00:00
Voquill,Voquill,0.9,NEW_CANONICAL,Y Combinator,2026-09-12T07:59:51.246551+00:00
Oddpool,Oddpool,0.9,NEW_CANONICAL,Y Combinator,2026-09-12T07:59:51.248104+00:00
Ontora,Ontora,0.9,NEW_CANONICAL,Y Combinator,2026-09-12T07:59:51.249909+00:00
Napkin Math,Napkin Math,0.9,NEW_CANONICAL,Y Combinator,2026-09-12T07:59:51.252277+00:00
Gojiberry AI,Gojiberry AI,0.9,NEW_CANONICAL,Y Combinator,2026-09-12T07:59:51.255860+00:00
WonderTx,WonderTx,0.9,NEW_CANONICAL,Y Combinator,2026-09-12T07:59:51.257845+00:00
Lab0,Lab0,0.9,NEW_CANONICAL,Y Combinator,2026-09-12T07:59:51.259209+00:00
BentoLabs AI,BentoLabs AI,0.9,NEW_CANONICAL,Y Combinator,2026-09-12T07:59:51.261702+00:00
Lamina Labs,Lamina,0.9,NEW_CANONICAL,Y Combinator,2026-09-12T07:59:51.263567+00:00
Kimpton,Kimpton,0.9,NEW_CANONICAL,Y Combinator,2026-09-12T07:59:51.265387+00:00
StableBrowse,StableBrowse,0.9,NEW_CANONICAL,Y Combinator,2026-09-12T07:59:51.267868+00:00
Taiga,Taiga,0.9,NEW_CANONICAL,Y Combinator,2026-09-12T07:59:51.269477+00:00
Pairio,Pairio,0.9,NEW_CANONICAL,Y Combinator,2026-09-12T07:59:51.271281+00:00
Callab AI,Callab AI,0.9,NEW_CANONICAL,Y Combinator,2026-09-12T07:59:51.273316+00:00
Synphony,Synphony,0.9,NEW_CANONICAL,Y Combinator,2026-09-12T07:59:51.275130+00:00
Dreach,Dreach,0.9,NEW_CANONICAL,Y Combinator,2026-09-12T07:59:51.277350+00:00
Arga Labs,Arga,0.9,NEW_CANONICAL,Y Combinator,2026-09-12T07:59:51.278837+00:00
Andco,Andco,0.9,NEW_CANONICAL,Y Combinator,2026-09-12T07:59:51.280358+00:00
RentAHuman,RentAHuman,0.9,NEW_CANONICAL,Y Combinator,2026-09-12T07:59:51.282735+00:00
InstaAgent,InstaAgent,0.9,NEW_CANONICAL,Y Combinator,2026-09-12T07:59:51.285012+00:00
Salesgraph,Salesgraph,0.9,NEW_CANONICAL,Y Combinator,2026-09-12T07:59:51.287361+00:00
Sherpa,Sherpa,0.9,NEW_CANONICAL,Y Combinator,2026-09-12T07:59:51.289244+00:00
Userlens,Userlens,0.9,NEW_CANONICAL,Y Combinator,2026-09-12T07:59:51.291285+00:00
transload,Transload,0.9,NEW_CANONICAL,Y Combinator,2026-09-12T07:59:51.293793+00:00
Standout,Standout,0.9,NEW_CANONICAL,Y Combinator,2026-09-12T07:59:51.295800+00:00
shotwell.ai,Shotwell.Ai,0.9,NEW_CANONICAL,Y Combinator,2026-09-12T07:59:51.297815+00:00
Madrone,Madrone,0.9,NEW_CANONICAL,Y Combinator,2026-09-12T07:59:51.299803+00:00
Pavoot,Pavoot,0.9,NEW_CANONICAL,Y Combinator,2026-09-12T07:59:51.301584+00:00
qomplement,Qomplement,0.9,NEW_CANONICAL,Y Combinator,2026-09-12T07:59:51.303909+00:00
Deep Interactions,Deep Interactions,0.9,NEW_CANONICAL,Y Combinator,2026-09-12T07:59:51.307099+00:00
KelAI,KelAI,0.9,NEW_CANONICAL,Y Combinator,2026-09-12T07:59:51.308819+00:00
"HEVN, inc",Hevn,0.9,NEW_CANONICAL,Y Combinator,2026-09-12T07:59:51.310287+00:00
Wealor,Wealor,0.9,NEW_CANONICAL,Y Combinator,2026-09-12T07:59:51.312099+00:00
Elyra,Elyra,0.9,NEW_CANONICAL,Y Combinator,2026-09-12T07:59:51.313724+00:00
Interfaze,Interfaze,0.9,NEW_CANONICAL,Y Combinator,2026-09-12T07:59:51.315876+00:00
Zolvo,Zolvo,0.9,NEW_CANONICAL,Y Combinator,2026-09-12T07:59:51.317516+00:00
Juno,Juno,0.9,NEW_CANONICAL,Y Combinator,2026-09-12T07:59:51.318878+00:00
Kinro,Kinro,0.9,NEW_CANONICAL,Y Combinator,2026-09-12T07:59:51.320579+00:00
GovGuard,GovGuard,0.9,NEW_CANONICAL,Y Combinator,2026-09-12T07:59:51.322582+00:00
Superlog,Superlog,0.9,NEW_CANONICAL,Y Combinator,2026-09-12T07:59:51.324799+00:00
GodHands,GodHands,0.9,NEW_CANONICAL,Y Combinator,2026-09-12T07:59:51.326800+00:00
Limrun,Limrun,0.9,NEW_CANONICAL,Y Combinator,2026-09-12T07:59:51.328648+00:00
Light Anchor,Light Anchor,0.9,NEW_CANONICAL,Y Combinator,2026-09-12T07:59:51.331200+00:00
Hub,Hub,0.9,NEW_CANONICAL,Y Combinator,2026-09-12T07:59:51.332310+00:00
Tenet Industries,Tenet Industries,0.9,NEW_CANONICAL,Y Combinator,2026-09-12T07:59:51.335130+00:00
Atrisa,Atrisa,0.9,NEW_CANONICAL,Y Combinator,2026-09-12T07:59:51.337075+00:00
Trellis,Trellis,0.9,NEW_CANONICAL,Y Combinator,2026-09-12T07:59:51.339014+00:00
The Company Company,The,0.9,NEW_CANONICAL,Y Combinator,2026-09-12T07:59:51.340474+00:00
Dayjob,Dayjob,0.9,NEW_CANONICAL,Y Combinator,2026-09-12T07:59:51.342189+00:00
InLoop Robotics,InLoop Robotics,0.9,NEW_CANONICAL,Y Combinator,2026-09-12T07:59:51.344914+00:00
Zenbu,Zenbu,0.9,NEW_CANONICAL,Y Combinator,2026-09-12T07:59:51.346393+00:00
Andustry,Andustry,0.9,NEW_CANONICAL,Y Combinator,2026-09-12T07:59:51.348219+00:00
Nine Fives,Nine Fives,0.9,NEW_CANONICAL,Y Combinator,2026-09-12T07:59:51.350418+00:00
Chert,Chert,0.9,NEW_CANONICAL,Y Combinator,2026-09-12T07:59:51.351988+00:00
Saffron,Saffron,0.9,NEW_CANONICAL,Y Combinator,2026-09-12T07:59:51.354832+00:00
Discovered Materials,Discovered Materials,0.9,NEW_CANONICAL,Y Combinator,2026-09-12T07:59:51.358398+00:00
LightSprint,LightSprint,0.9,NEW_CANONICAL,Y Combinator,2026-09-12T07:59:51.360761+00:00
Twolabs,Twolabs,0.9,NEW_CANONICAL,Y Combinator,2026-09-12T07:59:51.363053+00:00
Marker,Marker,0.9,NEW_CANONICAL,Y Combinator,2026-09-12T07:59:51.364838+00:00
Scope,Scope,0.9,NEW_CANONICAL,Y Combinator,2026-09-12T07:59:51.366430+00:00
Hexa,Hexa,0.9,NEW_CANONICAL,Y Combinator,2026-09-12T07:59:51.367969+00:00
Palette,Palette,0.9,NEW_CANONICAL,Y Combinator,2026-09-12T07:59:51.370332+00:00
Rudus,Rudus,0.9,NEW_CANONICAL,Y Combinator,2026-09-12T07:59:51.371813+00:00
Replicas,Replicas,0.9,NEW_CANONICAL,Y Combinator,2026-09-12T07:59:51.374016+00:00
Totalis,Totalis,0.9,NEW_CANONICAL,Y Combinator,2026-09-12T07:59:51.376081+00:00
Multiplier,Multiplier,0.9,NEW_CANONICAL,Y Combinator,2026-09-12T07:59:51.378365+00:00
Most Robotic,Most Robotic,0.9,NEW_CANONICAL,Y Combinator,2026-09-12T07:59:51.380861+00:00
Illume Labs,Illume,0.9,NEW_CANONICAL,Y Combinator,2026-09-12T07:59:51.382407+00:00
Memoir,Memoir,0.9,NEW_CANONICAL,Y Combinator,2026-09-12T07:59:51.384186+00:00
"PerfectBit, Inc.",PerfectBit,0.9,NEW_CANONICAL,Y Combinator,2026-09-12T07:59:51.386703+00:00
Stage,Stage,0.9,NEW_CANONICAL,Y Combinator,2026-09-12T07:59:51.389525+00:00
Standard Signal,Standard Signal,0.9,NEW_CANONICAL,Y Combinator,2026-09-12T07:59:51.394166+00:00
primitive,Primitive,0.9,NEW_CANONICAL,Y Combinator,2026-09-12T07:59:51.396316+00:00
Korso,Korso,0.9,NEW_CANONICAL,Y Combinator,2026-09-12T07:59:51.397786+00:00
Klarify,Klarify,0.9,NEW_CANONICAL,Y Combinator,2026-09-12T07:59:51.399617+00:00
Surtr Defense Systems,Surtr Defense,0.9,NEW_CANONICAL,Y Combinator,2026-09-12T07:59:51.402371+00:00
Hedge,Hedge,0.9,NEW_CANONICAL,Y Combinator,2026-09-12T07:59:51.404006+00:00
Cardinal,Cardinal,0.9,NEW_CANONICAL,Y Combinator,2026-09-12T07:59:51.406131+00:00
Wideframe,Wideframe,0.9,NEW_CANONICAL,Y Combinator,2026-09-12T07:59:51.408241+00:00
Martini,Martini,0.9,NEW_CANONICAL,Y Combinator,2026-09-12T07:59:51.410161+00:00
Litmus,Litmus,0.9,NEW_CANONICAL,Y Combinator,2026-09-12T07:59:51.411724+00:00
Condor Energy,Condor Energy,0.9,NEW_CANONICAL,Y Combinator,2026-09-12T07:59:51.414087+00:00
Remix,Remix,0.9,NEW_CANONICAL,Y Combinator,2026-09-12T07:59:51.415703+00:00
OpenVector,OpenVector,0.9,NEW_CANONICAL,Y Combinator,2026-09-12T07:59:51.418495+00:00
Shofo,Shofo,0.9,NEW_CANONICAL,Y Combinator,2026-09-12T07:59:51.420510+00:00
Wayco,Wayco,0.9,NEW_CANONICAL,Y Combinator,2026-09-12T07:59:51.422864+00:00
"Applied Electrodynamics, Inc.",Applied Electrodynamics,0.9,NEW_CANONICAL,Y Combinator,2026-09-12T07:59:51.426526+00:00
Unifold,Unifold,0.9,NEW_CANONICAL,Y Combinator,2026-09-12T07:59:51.428315+00:00
Carrot Labs,Carrot,0.9,NEW_CANONICAL,Y Combinator,2026-09-12T07:59:51.430047+00:00
Dispatch,Dispatch,0.9,NEW_CANONICAL,Y Combinator,2026-09-12T07:59:51.431945+00:00
Bloom,Bloom,0.9,NEW_CANONICAL,Y Combinator,2026-09-12T07:59:51.433447+00:00
Aurorin CAD,Aurorin CAD,0.9,NEW_CANONICAL,Y Combinator,2026-09-12T07:59:51.435867+00:00
Fixture,Fixture,0.9,NEW_CANONICAL,Y Combinator,2026-09-12T07:59:51.437841+00:00
DAIVIN!,Daivin!,0.9,NEW_CANONICAL,Y Combinator,2026-09-12T07:59:51.439520+00:00
Brumby (Formerly GrazeMate),Brumby (Formerly GrazeMate),0.9,NEW_CANONICAL,Y Combinator,2026-09-12T07:59:51.443226+00:00
Origami Robotics,Origami Robotics,0.9,NEW_CANONICAL,Y Combinator,2026-09-12T07:59:51.445977+00:00
Ossus,Ossus,0.9,NEW_CANONICAL,Y Combinator,2026-09-12T07:59:51.447360+00:00
Rubric AI,Rubric AI,0.9,NEW_CANONICAL,Y Combinator,2026-09-12T07:59:51.450182+00:00
Regbase,Regbase,0.9,NEW_CANONICAL,Y Combinator,2026-09-12T07:59:51.452157+00:00
Zymbly,Zymbly,0.9,NEW_CANONICAL,Y Combinator,2026-09-12T07:59:51.453683+00:00
Dipole Labs,Dipole,0.9,NEW_CANONICAL,Y Combinator,2026-09-12T07:59:51.455463+00:00
Ritivel,Ritivel,0.9,NEW_CANONICAL,Y Combinator,2026-09-12T07:59:51.457287+00:00
Polymorph,Polymorph,0.9,NEW_CANONICAL,Y Combinator,2026-09-12T07:59:51.459113+00:00
Khotan (formerly Pollinate),Khotan (formerly Pollinate),0.9,NEW_CANONICAL,Y Combinator,2026-09-12T07:59:51.462960+00:00
SpotPay,SpotPay,0.9,NEW_CANONICAL,Y Combinator,2026-09-12T07:59:51.465360+00:00
Poth Labs,Poth,0.9,NEW_CANONICAL,Y Combinator,2026-09-12T07:59:51.467070+00:00
VOYGR,Voygr,0.9,NEW_CANONICAL,Y Combinator,2026-09-12T07:59:51.468546+00:00
MochaCare,MochaCare,0.9,NEW_CANONICAL,Y Combinator,2026-09-12T07:59:51.472502+00:00
Cova,Cova,0.9,NEW_CANONICAL,Y Combinator,2026-09-12T07:59:51.474371+00:00
Vela,Vela,0.9,NEW_CANONICAL,Y Combinator,2026-09-12T07:59:51.476627+00:00
Veriad,Veriad,0.9,NEW_CANONICAL,Y Combinator,2026-09-12T07:59:51.478499+00:00
Talking Computers,Talking Computers,0.9,NEW_CANONICAL,Y Combinator,2026-09-12T07:59:51.481375+00:00
Control Seat,Control Seat,0.9,NEW_CANONICAL,Y Combinator,2026-09-12T07:59:51.484059+00:00
Copperlane,Copperlane,0.9,NEW_CANONICAL,Y Combinator,2026-09-12T07:59:51.486551+00:00
Tsenta,Tsenta,0.9,NEW_CANONICAL,Y Combinator,2026-09-12T07:59:51.488332+00:00
Dream,Dream,0.9,NEW_CANONICAL,Y Combinator,2026-09-12T07:59:51.490026+00:00
Atlia,Atlia,0.9,NEW_CANONICAL,Y Combinator,2026-09-12T07:59:51.491641+00:00
Canary,Canary,0.9,NEW_CANONICAL,Y Combinator,2026-09-12T07:59:51.493401+00:00
Grade,Grade,0.9,NEW_CANONICAL,Y Combinator,2026-09-12T07:59:51.495194+00:00
Sila,Sila,0.9,NEW_CANONICAL,Y Combinator,2026-09-12T07:59:51.496692+00:00
Maven,Maven,0.9,NEW_CANONICAL,Y Combinator,2026-09-12T07:59:51.498346+00:00
Moda,Modal,0.89,FUZZY_TOKEN_SET,Y Combinator,2026-09-12T07:59:51.499751+00:00
The Token Company,The Token,0.9,NEW_CANONICAL,Y Combinator,2026-09-12T07:59:51.501761+00:00
Meteoric,Meteoric,0.9,NEW_CANONICAL,Y Combinator,2026-09-12T07:59:51.504389+00:00
BeeSafe AI,BeeSafe AI,0.9,NEW_CANONICAL,Y Combinator,2026-09-12T07:59:51.506611+00:00
Fed10,Fed10,0.9,NEW_CANONICAL,Y Combinator,2026-09-12T07:59:51.507972+00:00
Inth,Inth,0.9,NEW_CANONICAL,Y Combinator,2026-09-12T07:59:51.509283+00:00
Squid,Squid,0.9,NEW_CANONICAL,Y Combinator,2026-09-12T07:59:51.510795+00:00
Turnstone,Turnstone,0.9,NEW_CANONICAL,Y Combinator,2026-09-12T07:59:51.512795+00:00
Foreman,Foreman,0.9,NEW_CANONICAL,Y Combinator,2026-09-12T07:59:51.514780+00:00
Booko,Booko,0.9,NEW_CANONICAL,Y Combinator,2026-09-12T07:59:51.516023+00:00
Corelayer,Corelayer,0.9,NEW_CANONICAL,Y Combinator,2026-09-12T07:59:51.518246+00:00
General Legal,General Legal,0.9,NEW_CANONICAL,Y Combinator,2026-09-12T07:59:51.520904+00:00
Fort,Fort,0.9,NEW_CANONICAL,Y Combinator,2026-09-12T07:59:51.522262+00:00
Balance,Balance,0.9,NEW_CANONICAL,Y Combinator,2026-09-12T07:59:51.524093+00:00
Ekpa,Ekpa,0.9,NEW_CANONICAL,Y Combinator,2026-09-12T07:59:51.525525+00:00
Chasi,Chasi,0.9,NEW_CANONICAL,Y Combinator,2026-09-12T07:59:51.528405+00:00
Remy AI,Remy AI,0.9,NEW_CANONICAL,Y Combinator,2026-09-12T07:59:51.531039+00:00
Anchorhead,Anchorhead,0.9,NEW_CANONICAL,Y Combinator,2026-09-12T07:59:51.533284+00:00
o11,O11,0.9,NEW_CANONICAL,Y Combinator,2026-09-12T07:59:51.534287+00:00
Doomersion,Doomersion,0.9,NEW_CANONICAL,Y Combinator,2026-09-12T07:59:51.536545+00:00
Sequence Markets,Sequence Markets,0.9,NEW_CANONICAL,Y Combinator,2026-09-12T07:59:51.539534+00:00
Libra Robotics,Libra Robotics,0.9,NEW_CANONICAL,Y Combinator,2026-09-12T07:59:51.542181+00:00
Ditto Biosciences,Ditto Biosciences,0.9,NEW_CANONICAL,Y Combinator,2026-09-12T07:59:51.544990+00:00
Servo7,Servo7,0.9,NEW_CANONICAL,Y Combinator,2026-09-12T07:59:51.546603+00:00
Datoric,Datoric,0.9,NEW_CANONICAL,Y Combinator,2026-09-12T07:59:51.548526+00:00
Superset,Superset,0.9,NEW_CANONICAL,Y Combinator,2026-09-12T07:59:51.550404+00:00
Netter,Netter,0.9,NEW_CANONICAL,Y Combinator,2026-09-12T07:59:51.551985+00:00
Voxel Energy,Voxel Energy,0.9,NEW_CANONICAL,Y Combinator,2026-09-12T07:59:51.554339+00:00
Polymath,Polymath,0.9,NEW_CANONICAL,Y Combinator,2026-09-12T07:59:51.556328+00:00
Archal,Archal,0.9,NEW_CANONICAL,Y Combinator,2026-09-12T07:59:51.557987+00:00
Bubble Lab,Bubble Lab,0.9,NEW_CANONICAL,Y Combinator,2026-09-12T07:59:51.560082+00:00
Pocket,Pocket,0.9,NEW_CANONICAL,Y Combinator,2026-09-12T07:59:51.561775+00:00
Byteport,Byteport,0.9,NEW_CANONICAL,Y Combinator,2026-09-12T07:59:51.563579+00:00
Constellation Space,Constellation Space,0.9,NEW_CANONICAL,Y Combinator,2026-09-12T07:59:51.566819+00:00
Sazabi,Sazabi,0.9,NEW_CANONICAL,Y Combinator,2026-09-12T07:59:51.568566+00:00
Mendral,Mendral,0.9,NEW_CANONICAL,Y Combinator,2026-09-12T07:59:51.570788+00:00
AxionOrbital Space,AxionOrbital Space,0.9,NEW_CANONICAL,Y Combinator,2026-09-12T07:59:51.573949+00:00
Oximy,Oximy,0.9,NEW_CANONICAL,Y Combinator,2026-09-12T07:59:51.575465+00:00
Caretta,Caretta,0.9,NEW_CANONICAL,Y Combinator,2026-09-12T07:59:51.577406+00:00
Samora AI,Samora AI,0.9,NEW_CANONICAL,Y Combinator,2026-09-12T07:59:51.579548+00:00
Human Archive,Human Archive,0.9,NEW_CANONICAL,Y Combinator,2026-09-12T07:59:51.582187+00:00
Forum,Forum,0.9,NEW_CANONICAL,Y Combinator,2026-09-12T07:59:51.583601+00:00
Sitefire,Sitefire,0.9,NEW_CANONICAL,Y Combinator,2026-09-12T07:59:51.585527+00:00
Robby,Robby,0.9,NEW_CANONICAL,Y Combinator,2026-09-12T07:59:51.586925+00:00
Ressl AI,Ressl AI,0.9,NEW_CANONICAL,Y Combinator,2026-09-12T07:59:51.588859+00:00
Emdash,Emdash,0.9,NEW_CANONICAL,Y Combinator,2026-09-12T07:59:51.590978+00:00
InventoryQuant,InventoryQuant,0.9,NEW_CANONICAL,Y Combinator,2026-09-12T07:59:51.593530+00:00
Congruent,Congruent,0.9,NEW_CANONICAL,Y Combinator,2026-09-12T07:59:51.595585+00:00
Reframe,Reframe,0.9,NEW_CANONICAL,Y Combinator,2026-09-12T07:59:51.597484+00:00
Valence,Valence,0.9,NEW_CANONICAL,Y Combinator,2026-09-12T07:59:51.599336+00:00
9 Mothers,9 Mothers,0.9,NEW_CANONICAL,Y Combinator,2026-09-12T07:59:51.601239+00:00
Approxima,Approxima,0.9,NEW_CANONICAL,Y Combinator,2026-09-12T07:59:51.603377+00:00
Traverse,Traverse,0.9,NEW_CANONICAL,Y Combinator,2026-09-12T07:59:51.605338+00:00
Revion,Revion,0.9,NEW_CANONICAL,Y Combinator,2026-09-12T07:59:51.607430+00:00
Maywood,Maywood,0.9,NEW_CANONICAL,Y Combinator,2026-09-12T07:59:51.609177+00:00
Fenrock AI,Fenrock AI,0.9,NEW_CANONICAL,Y Combinator,2026-09-12T07:59:51.611458+00:00
End Close,End Close,0.9,NEW_CANONICAL,Y Combinator,2026-09-12T07:59:51.613481+00:00
Chamber,Chamber,0.9,NEW_CANONICAL,Y Combinator,2026-09-12T07:59:51.615321+00:00
Assemble,Assemble,0.9,NEW_CANONICAL,Y Combinator,2026-09-12T07:59:51.617119+00:00
Patientdesk.ai,Patientdesk.ai,0.9,NEW_CANONICAL,Y Combinator,2026-09-12T07:59:51.620167+00:00
Visibl Semiconductors,Visibl Semiconductors,0.9,NEW_CANONICAL,Y Combinator,2026-09-12T07:59:51.625188+00:00
Synthetic Sciences,Synthetic Sciences,0.9,NEW_CANONICAL,Y Combinator,2026-09-12T07:59:51.628889+00:00
Seeing Systems,Seeing,0.9,NEW_CANONICAL,Y Combinator,2026-09-12T07:59:51.631413+00:00
Jinba,Jinba,0.9,NEW_CANONICAL,Y Combinator,2026-09-12T07:59:51.633053+00:00
Cardboard,Cardboard,0.9,NEW_CANONICAL,Y Combinator,2026-09-12T07:59:51.635197+00:00
Prana,Prana,0.9,NEW_CANONICAL,Y Combinator,2026-09-12T07:59:51.637609+00:00
Rhizome AI,Rhizome AI,0.9,NEW_CANONICAL,Y Combinator,2026-09-12T07:59:51.639960+00:00
Pax Historia,Pax Historia,0.9,NEW_CANONICAL,Y Combinator,2026-09-12T07:59:51.642518+00:00
Parameter,Parameter,0.9,NEW_CANONICAL,Y Combinator,2026-09-12T07:59:51.644637+00:00
Laurence,Laurence,0.9,NEW_CANONICAL,Y Combinator,2026-09-12T07:59:51.646611+00:00
Terminal Use,Terminal Use,0.9,NEW_CANONICAL,Y Combinator,2026-09-12T07:59:51.649020+00:00
Overshoot,Overshoot,0.9,NEW_CANONICAL,Y Combinator,2026-09-12T07:59:51.650909+00:00
Cajal,Cajal,0.9,NEW_CANONICAL,Y Combinator,2026-09-12T07:59:51.652477+00:00
Proximitty,Proximitty,0.9,NEW_CANONICAL,Y Combinator,2026-09-12T07:59:51.654977+00:00
Instinct,Instinct,0.9,NEW_CANONICAL,Y Combinator,2026-09-12T07:59:51.656751+00:00
Stilta,Stilta,0.9,NEW_CANONICAL,Y Combinator,2026-09-12T07:59:51.658445+00:00
Unisson,Unisson,0.9,NEW_CANONICAL,Y Combinator,2026-09-12T07:59:51.660197+00:00
IncidentFox,IncidentFox,0.9,NEW_CANONICAL,Y Combinator,2026-09-12T07:59:51.662331+00:00
Compresr,Compresr,0.9,NEW_CANONICAL,Y Combinator,2026-09-12T07:59:51.664230+00:00
Opalite Health,Opalite Health,0.9,NEW_CANONICAL,Y Combinator,2026-09-12T07:59:51.666973+00:00
Confluence Labs,Confluence,0.9,NEW_CANONICAL,Y Combinator,2026-09-12T07:59:51.669158+00:00
Rapidfolio,Rapidfolio,0.9,NEW_CANONICAL,Y Combinator,2026-09-12T07:59:51.671488+00:00
Mango Medical,Mango Medical,0.9,NEW_CANONICAL,Y Combinator,2026-09-12T07:59:51.674071+00:00
Sponge,Sponge,0.9,NEW_CANONICAL,Y Combinator,2026-09-12T07:59:51.675751+00:00
Terranox AI,Terranox AI,0.9,NEW_CANONICAL,Y Combinator,2026-09-12T07:59:51.677954+00:00
Drafted,Drafted,0.9,NEW_CANONICAL,Y Combinator,2026-09-12T07:59:51.679829+00:00
Ventura,Ventura,0.9,NEW_CANONICAL,Y Combinator,2026-09-12T07:59:51.681723+00:00
Q2Q,Q2Q,0.9,NEW_CANONICAL,Y Combinator,2026-09-12T07:59:51.682566+00:00
Orthogonal,Orthogonal,0.9,NEW_CANONICAL,Y Combinator,2026-09-12T07:59:51.685422+00:00
Perfectly,Perfectly,0.9,NEW_CANONICAL,Y Combinator,2026-09-12T07:59:51.688333+00:00
Fern,Fern,0.9,NEW_CANONICAL,Y Combinator,2026-09-12T07:59:51.689847+00:00
Sparkles,Sparkles,0.9,NEW_CANONICAL,Y Combinator,2026-09-12T07:59:51.691939+00:00
EigenPal,EigenPal,0.9,NEW_CANONICAL,Y Combinator,2026-09-12T07:59:51.693936+00:00
Salus,Salus,0.9,NEW_CANONICAL,Y Combinator,2026-09-12T07:59:51.695425+00:00
Moritz,Moritz,0.9,NEW_CANONICAL,Y Combinator,2026-09-12T07:59:51.697149+00:00
RamAIn,RamAIn,0.9,NEW_CANONICAL,Y Combinator,2026-09-12T07:59:51.698883+00:00
Milliray,Milliray,0.9,NEW_CANONICAL,Y Combinator,2026-09-12T07:59:51.700826+00:00
Beyond Reach Labs,Beyond Reach,0.9,NEW_CANONICAL,Y Combinator,2026-09-12T07:59:51.703377+00:00
OctaPulse,OctaPulse,0.9,NEW_CANONICAL,Y Combinator,2026-09-12T07:59:51.705569+00:00
CodeWisp,CodeWisp,0.9,NEW_CANONICAL,Y Combinator,2026-09-12T07:59:51.707547+00:00
Ashr,Ashr,0.9,NEW_CANONICAL,Y Combinator,2026-09-12T07:59:51.708873+00:00
Aemon,Aemon,0.9,NEW_CANONICAL,Y Combinator,2026-09-12T07:59:51.710437+00:00
Luel,Luel,0.9,NEW_CANONICAL,Y Combinator,2026-09-12T07:59:51.711827+00:00
Scheduling Wizard,Scheduling Wizard,0.9,NEW_CANONICAL,Y Combinator,2026-09-12T07:59:51.714780+00:00
RoboDock,RoboDock,0.9,NEW_CANONICAL,Y Combinator,2026-09-12T07:59:51.716515+00:00
Skillsync,Skillsync,0.9,NEW_CANONICAL,Y Combinator,2026-09-12T07:59:51.718283+00:00
MouseCat,MouseCat,0.9,NEW_CANONICAL,Y Combinator,2026-09-12T07:59:51.720351+00:00
Zatanna,Zatanna,0.9,NEW_CANONICAL,Y Combinator,2026-09-12T07:59:51.722082+00:00
AutoSitu,AutoSitu,0.9,NEW_CANONICAL,Y Combinator,2026-09-12T07:59:51.723969+00:00
Verdex,Verdex,0.9,NEW_CANONICAL,Y Combinator,2026-09-12T07:59:51.725439+00:00
Cumulus Labs,Cumulus,0.9,NEW_CANONICAL,Y Combinator,2026-09-12T07:59:51.726886+00:00
Tepali,Tepali,0.9,NEW_CANONICAL,Y Combinator,2026-09-12T07:59:51.728603+00:00
Palus Finance,Palus Finance,0.9,NEW_CANONICAL,Y Combinator,2026-09-12T07:59:51.731138+00:00
21st,21St,0.9,NEW_CANONICAL,Y Combinator,2026-09-12T07:59:51.732238+00:00
Avoice,Avoice,0.9,NEW_CANONICAL,Y Combinator,2026-09-12T07:59:51.733895+00:00
Kyten Technologies,Kyten,0.9,NEW_CANONICAL,Y Combinator,2026-09-12T07:59:51.735296+00:00
ZeroSettle,ZeroSettle,0.9,NEW_CANONICAL,Y Combinator,2026-09-12T07:59:51.737274+00:00
/dev/fast,/Dev/Fast,0.9,NEW_CANONICAL,Y Combinator,2026-09-12T07:59:51.739148+00:00
Cignara,Cignara,0.9,NEW_CANONICAL,Y Combinator,2026-09-12T07:59:51.741011+00:00
OpenSpec,OpenSpec,0.9,NEW_CANONICAL,Y Combinator,2026-09-12T07:59:51.742821+00:00
Piris Labs,Piris,0.9,NEW_CANONICAL,Y Combinator,2026-09-12T07:59:51.744339+00:00
CellType,CellType,0.9,NEW_CANONICAL,Y Combinator,2026-09-12T07:59:51.746248+00:00
Burt,Burt,0.9,NEW_CANONICAL,Y Combinator,2026-09-12T07:59:51.747465+00:00
Envariant,Envariant,0.9,NEW_CANONICAL,Y Combinator,2026-09-12T07:59:51.749465+00:00
Cascade,Cascade,0.9,NEW_CANONICAL,Y Combinator,2026-09-12T07:59:51.751286+00:00
Beacon Health,Beacon Health,0.9,NEW_CANONICAL,Y Combinator,2026-09-12T07:59:51.753727+00:00
Strand AI,Strand AI,0.9,NEW_CANONICAL,Y Combinator,2026-09-12T07:59:51.755699+00:00
BaseFrame,BaseFrame,0.9,NEW_CANONICAL,Y Combinator,2026-09-12T07:59:51.757725+00:00
Protent,Protent,0.9,NEW_CANONICAL,Y Combinator,2026-09-12T07:59:51.759536+00:00
Cofia,Cofia,0.9,NEW_CANONICAL,Y Combinator,2026-09-12T07:59:51.761070+00:00
Fuchsia,Fuchsia,0.9,NEW_CANONICAL,Y Combinator,2026-09-12T07:59:51.762936+00:00
LegalOS,LegalOS,0.9,NEW_CANONICAL,Y Combinator,2026-09-12T07:59:51.764787+00:00
Sentrial,Sentrial,0.9,NEW_CANONICAL,Y Combinator,2026-09-12T07:59:51.766879+00:00
10x Science,10x Science,0.9,NEW_CANONICAL,Y Combinator,2026-09-12T07:59:51.768963+00:00
REV1,Rev1,0.9,NEW_CANONICAL,Y Combinator,2026-09-12T07:59:51.770254+00:00
shortkit,Shortkit,0.9,NEW_CANONICAL,Y Combinator,2026-09-12T07:59:51.772220+00:00
Asimov,Asimov,0.9,NEW_CANONICAL,Y Combinator,2026-09-12T07:59:51.773819+00:00
Lexius,Lexius,0.9,NEW_CANONICAL,Y Combinator,2026-09-12T07:59:51.775404+00:00
Axis,Axis,0.9,NEW_CANONICAL,Y Combinator,2026-09-12T07:59:51.777031+00:00
Mirabelle,Mirabelle,0.9,NEW_CANONICAL,Y Combinator,2026-09-12T07:59:51.779027+00:00
Docura Health,Docura Health,0.9,NEW_CANONICAL,Y Combinator,2026-09-12T07:59:51.781506+00:00
Lance,Lance,0.9,NEW_CANONICAL,Y Combinator,2026-09-12T07:59:51.783059+00:00
RunAnywhere,RunAnywhere,0.9,NEW_CANONICAL,Y Combinator,2026-09-12T07:59:51.785132+00:00
Lucent,Lucent,0.9,NEW_CANONICAL,Y Combinator,2026-09-12T07:59:51.786825+00:00
"Prescience, Inc.",Prescience,0.9,NEW_CANONICAL,Y Combinator,2026-09-12T07:59:51.789059+00:00
Ruma Care,Ruma Care,0.9,NEW_CANONICAL,Y Combinator,2026-09-12T07:59:51.791087+00:00
Klaus AI,Klaus AI,0.9,NEW_CANONICAL,Y Combinator,2026-09-12T07:59:51.792930+00:00
Kita,Kita,0.9,NEW_CANONICAL,Y Combinator,2026-09-12T07:59:51.794276+00:00
Quotient Labs,Quotient,0.9,NEW_CANONICAL,Y Combinator,2026-09-12T07:59:51.796201+00:00
One Robot,One Robot,0.9,NEW_CANONICAL,Y Combinator,2026-09-12T07:59:51.798144+00:00
Didit,Didit,0.9,NEW_CANONICAL,Y Combinator,2026-09-12T07:59:51.799529+00:00
Panta,Panta,0.9,NEW_CANONICAL,Y Combinator,2026-09-12T07:59:51.801078+00:00
Imperfect,Imperfect,0.9,NEW_CANONICAL,Y Combinator,2026-09-12T07:59:51.802859+00:00
OneTriangle,OneTriangle,0.9,NEW_CANONICAL,Y Combinator,2026-09-12T07:59:51.805168+00:00
Payna,Payna,0.9,NEW_CANONICAL,Y Combinator,2026-09-12T07:59:51.806747+00:00
Origin,Origin,0.9,NEW_CANONICAL,Y Combinator,2026-09-12T07:59:51.808379+00:00
Clara,Clara,0.9,NEW_CANONICAL,Y Combinator,2026-09-12T07:59:51.810192+00:00
Hlabs,Hlabs,0.9,NEW_CANONICAL,Y Combinator,2026-09-12T07:59:51.811648+00:00
Eos AI,Eos AI,0.9,NEW_CANONICAL,Y Combinator,2026-09-12T07:59:51.813290+00:00
Valgo,Valgo,0.9,NEW_CANONICAL,Y Combinator,2026-09-12T07:59:51.814718+00:00
ARC Prize Foundation,ARC Prize Foundation,0.9,NEW_CANONICAL,Y Combinator,2026-09-12T07:59:51.817741+00:00
Corvera,Corvera,0.9,NEW_CANONICAL,Y Combinator,2026-09-12T07:59:51.819562+00:00
FullSeam,FullSeam,0.9,NEW_CANONICAL,Y Combinator,2026-09-12T07:59:51.821452+00:00
Waddle Labs,Waddle,0.9,NEW_CANONICAL,Y Combinator,2026-09-12T07:59:51.823017+00:00
Linzumi,Linzumi,0.9,NEW_CANONICAL,Y Combinator,2026-09-12T07:59:51.824630+00:00
Advanced Metal Research,Advanced Metal Research,0.9,NEW_CANONICAL,Y Combinator,2026-09-12T07:59:51.827776+00:00
Ploy,Ploy,0.9,NEW_CANONICAL,Y Combinator,2026-09-12T07:59:51.829048+00:00
CatchBack Cards,CatchBack Cards,0.9,NEW_CANONICAL,Y Combinator,2026-09-12T07:59:51.831494+00:00
Mantis,Mantis,0.9,NEW_CANONICAL,Y Combinator,2026-09-12T07:59:51.833171+00:00
Haladir,Haladir,0.9,NEW_CANONICAL,Y Combinator,2026-09-12T07:59:51.835025+00:00
ClaimGlide,ClaimGlide,0.9,NEW_CANONICAL,Y Combinator,2026-09-12T07:59:51.836952+00:00
Inviscid AI,Inviscid AI,0.9,NEW_CANONICAL,Y Combinator,2026-09-12T07:59:51.839074+00:00
Coasts,Coasts,0.9,NEW_CANONICAL,Y Combinator,2026-09-12T07:59:51.841121+00:00
Zephyr Fusion,Zephyr Fusion,0.9,NEW_CANONICAL,Y Combinator,2026-09-12T07:59:51.844179+00:00
Mayflower,Mayflower,0.9,NEW_CANONICAL,Y Combinator,2026-09-12T07:59:51.846161+00:00
Ndea,Ndea,0.9,NEW_CANONICAL,Y Combinator,2026-09-12T07:59:51.847648+00:00
item,Item,0.9,NEW_CANONICAL,Y Combinator,2026-09-12T07:59:51.849026+00:00
Crosslayer Labs,Crosslayer,0.9,NEW_CANONICAL,Y Combinator,2026-09-12T07:59:51.851352+00:00
Rivet,Rivet,0.9,NEW_CANONICAL,Y Combinator,2026-09-12T07:59:51.852983+00:00
Openroll,Openroll,0.9,NEW_CANONICAL,Y Combinator,2026-09-12T07:59:51.854785+00:00
Amika,Amika,0.9,NEW_CANONICAL,Y Combinator,2026-09-12T07:59:51.856470+00:00
Specific Labs,Specific,0.9,NEW_CANONICAL,Y Combinator,2026-09-12T07:59:51.858339+00:00
Moss,Moss,0.9,NEW_CANONICAL,Y Combinator,2026-09-12T07:59:51.859565+00:00
Zarna,Zarna,0.9,NEW_CANONICAL,Y Combinator,2026-09-12T07:59:51.861125+00:00
MarkIt,MarkIt,0.9,NEW_CANONICAL,Y Combinator,2026-09-12T07:59:51.862797+00:00
Dome,Dome,0.9,NEW_CANONICAL,Y Combinator,2026-09-12T07:59:51.864092+00:00
Voltair,Voltair,0.9,NEW_CANONICAL,Y Combinator,2026-09-12T07:59:51.867104+00:00
Clicks Health,Clicks Health,0.9,NEW_CANONICAL,Y Combinator,2026-09-12T07:59:51.869646+00:00
Fastshot,Fastshot,0.9,NEW_CANONICAL,Y Combinator,2026-09-12T07:59:51.871573+00:00
Vector Legal,Vector Legal,0.9,NEW_CANONICAL,Y Combinator,2026-09-12T07:59:51.874095+00:00
Antigen,Antigen,0.9,NEW_CANONICAL,Y Combinator,2026-09-12T07:59:51.875890+00:00
LunaBill,LunaBill,0.9,NEW_CANONICAL,Y Combinator,2026-09-12T07:59:51.877829+00:00
Axial,Axial,0.9,NEW_CANONICAL,Y Combinator,2026-09-12T07:59:51.879409+00:00
Velvet,Velvet,0.9,NEW_CANONICAL,Y Combinator,2026-09-12T07:59:51.881034+00:00
DiligenceSquared,DiligenceSquared,0.9,NEW_CANONICAL,Y Combinator,2026-09-12T07:59:51.883785+00:00
Amera,Amera,0.9,NEW_CANONICAL,Y Combinator,2026-09-12T07:59:51.885421+00:00
Forge Robotics,Forge Robotics,0.9,NEW_CANONICAL,Y Combinator,2026-09-12T07:59:51.888845+00:00
Bluma,Bluma,0.9,NEW_CANONICAL,Y Combinator,2026-09-12T07:59:51.890373+00:00
Lightberry,Lightberry,0.9,NEW_CANONICAL,Y Combinator,2026-09-12T07:59:51.892490+00:00
The Hog,The Hog,0.9,NEW_CANONICAL,Y Combinator,2026-09-12T07:59:51.894283+00:00
Layers,Layers,0.9,NEW_CANONICAL,Y Combinator,2026-09-12T07:59:51.895997+00:00
Boom AI,Boom AI,0.9,NEW_CANONICAL,Y Combinator,2026-09-12T07:59:51.897739+00:00
Freeport Markets,Freeport Markets,0.9,NEW_CANONICAL,Y Combinator,2026-09-12T07:59:51.900757+00:00
Miniswap,Miniswap,0.9,NEW_CANONICAL,Y Combinator,2026-09-12T07:59:51.902630+00:00
Rovi Health,Rovi Health,0.9,NEW_CANONICAL,Y Combinator,2026-09-12T07:59:51.906109+00:00
MadeThis,MadeThis,0.9,NEW_CANONICAL,Y Combinator,2026-09-12T07:59:51.908228+00:00
General Astronautics,General Astronautics,0.9,NEW_CANONICAL,Y Combinator,2026-09-12T07:59:51.911405+00:00
Jarmin,Jarmin,0.9,NEW_CANONICAL,Y Combinator,2026-09-12T07:59:51.913134+00:00
Exonic,Exonic,0.9,NEW_CANONICAL,Y Combinator,2026-09-12T07:59:51.914812+00:00
Lemma,Lemma,0.9,NEW_CANONICAL,Y Combinator,2026-09-12T07:59:51.916380+00:00
Perseus,Perseus,0.9,NEW_CANONICAL,Y Combinator,2026-09-12T07:59:51.918083+00:00
Karumi,Karumi,0.9,NEW_CANONICAL,Y Combinator,2026-09-12T07:59:51.920163+00:00
Icarus,Icarus,0.9,NEW_CANONICAL,Y Combinator,2026-09-12T07:59:51.921995+00:00
Sava,Sava,0.9,NEW_CANONICAL,Y Combinator,2026-09-12T07:59:51.923474+00:00
TakeCareOS,TakeCareOS,0.9,NEW_CANONICAL,Y Combinator,2026-09-12T07:59:51.925863+00:00
Denki,Denki,0.9,NEW_CANONICAL,Y Combinator,2026-09-12T07:59:51.927469+00:00
Metorial,Metorial,0.9,NEW_CANONICAL,Y Combinator,2026-09-12T07:59:51.929596+00:00
Kalpa Labs,Kalpa,0.9,NEW_CANONICAL,Y Combinator,2026-09-12T07:59:51.931220+00:00
Absurd,Absurd,0.9,NEW_CANONICAL,Y Combinator,2026-09-12T07:59:51.932745+00:00
Clad Labs,Clad,0.9,NEW_CANONICAL,Y Combinator,2026-09-12T07:59:51.934222+00:00
Automax.ai,Automax.ai,0.9,NEW_CANONICAL,Y Combinator,2026-09-12T07:59:51.937630+00:00
Specific,Specific,0.9,NEW_CANONICAL,Y Combinator,2026-09-12T07:59:51.939737+00:00
Relaw,Relaw,0.9,NEW_CANONICAL,Y Combinator,2026-09-12T07:59:51.941480+00:00
Narrative,Narrative,0.9,NEW_CANONICAL,Y Combinator,2026-09-12T07:59:51.943680+00:00
Crunched,Crunched,0.9,NEW_CANONICAL,Y Combinator,2026-09-12T07:59:51.945647+00:00
Lua Global Inc,Lua Global,0.9,NEW_CANONICAL,Y Combinator,2026-09-12T07:59:51.947778+00:00
Philon,Philon,0.9,NEW_CANONICAL,Y Combinator,2026-09-12T07:59:51.949486+00:00
Sourcebot,Sourcebot,0.9,NEW_CANONICAL,Y Combinator,2026-09-12T07:59:51.951677+00:00
Zalos,Zalos,0.9,NEW_CANONICAL,Y Combinator,2026-09-12T07:59:51.953470+00:00
Prism,Prism,0.9,NEW_CANONICAL,Y Combinator,2026-09-12T07:59:51.955104+00:00
Aside,Aside,0.9,NEW_CANONICAL,Y Combinator,2026-09-12T07:59:51.956757+00:00
Scott AI,Scott AI,0.9,NEW_CANONICAL,Y Combinator,2026-09-12T07:59:51.958821+00:00
Everest,Everest,0.9,NEW_CANONICAL,Y Combinator,2026-09-12T07:59:51.960530+00:00
Expected Parrot,Expected Parrot,0.9,NEW_CANONICAL,Y Combinator,2026-09-12T07:59:51.963317+00:00
Imagine AI,Imagine AI,0.9,NEW_CANONICAL,Y Combinator,2026-09-12T07:59:51.965600+00:00
Anto Biosciences,Anto Biosciences,0.9,NEW_CANONICAL,Y Combinator,2026-09-12T07:59:51.968462+00:00
Patent Watch,Patent Watch,0.9,NEW_CANONICAL,Y Combinator,2026-09-12T07:59:51.970923+00:00
s2.dev,S2.Dev,0.9,NEW_CANONICAL,Y Combinator,2026-09-12T07:59:51.972558+00:00
Tornyol,Tornyol,0.9,NEW_CANONICAL,Y Combinator,2026-09-12T07:59:51.974320+00:00
Nucleo,Nucleo,0.9,NEW_CANONICAL,Y Combinator,2026-09-12T07:59:51.976107+00:00
Leadbay,Leadbay,0.9,NEW_CANONICAL,Y Combinator,2026-09-12T07:59:51.977969+00:00
Pixley AI,Pixley AI,0.9,NEW_CANONICAL,Y Combinator,2026-09-12T07:59:51.980104+00:00
Cortex AI,Cortex AI,0.9,NEW_CANONICAL,Y Combinator,2026-09-12T07:59:51.982270+00:00
Radius,Radius,0.9,NEW_CANONICAL,Y Combinator,2026-09-12T07:59:51.984170+00:00
Thesis,Thesis,0.9,NEW_CANONICAL,Y Combinator,2026-09-12T07:59:51.985893+00:00
Oxus,Oxus,0.9,NEW_CANONICAL,Y Combinator,2026-09-12T07:59:51.987325+00:00
Play Health,Play Health,0.9,NEW_CANONICAL,Y Combinator,2026-09-12T07:59:51.989699+00:00
Casey,Casey,0.9,NEW_CANONICAL,Y Combinator,2026-09-12T07:59:51.991385+00:00
Frontier Computing,Frontier Computing,0.9,NEW_CANONICAL,Y Combinator,2026-09-12T07:59:51.994492+00:00
Selfin,Selfin,0.9,NEW_CANONICAL,Y Combinator,2026-09-12T07:59:51.996262+00:00
Compyle,Compyle,0.9,NEW_CANONICAL,Y Combinator,2026-09-12T07:59:51.997996+00:00
Lexi,Lexi,0.9,NEW_CANONICAL,Y Combinator,2026-09-12T07:59:51.999440+00:00
Codyco,Codyco,0.9,NEW_CANONICAL,Y Combinator,2026-09-12T07:59:52.000917+00:00
ComplyDo,ComplyDo,0.9,NEW_CANONICAL,Y Combinator,2026-09-12T07:59:52.002668+00:00
Bravi,Bravi,0.9,NEW_CANONICAL,Y Combinator,2026-09-12T07:59:52.004402+00:00
Rovr,Rovr,0.9,NEW_CANONICAL,Y Combinator,2026-09-12T07:59:52.005753+00:00
FinalDose,FinalDose,0.9,NEW_CANONICAL,Y Combinator,2026-09-12T07:59:52.007891+00:00
Sunflower,Sunflower,0.9,NEW_CANONICAL,Y Combinator,2026-09-12T07:59:52.009907+00:00
Captain,Captain,0.9,NEW_CANONICAL,Y Combinator,2026-09-12T07:59:52.011788+00:00
Redapto,Redapto,0.9,NEW_CANONICAL,Y Combinator,2026-09-12T07:59:52.013753+00:00
Helonic,Helonic,0.9,NEW_CANONICAL,Y Combinator,2026-09-12T07:59:52.015662+00:00
Aleph Lab,Aleph Lab,0.9,NEW_CANONICAL,Y Combinator,2026-09-12T07:59:52.017641+00:00
Logical,Logical,0.9,NEW_CANONICAL,Y Combinator,2026-09-12T07:59:52.019602+00:00
Agentic Fabriq,Agentic Fabriq,0.9,NEW_CANONICAL,Y Combinator,2026-09-12T07:59:52.022630+00:00
Travo,Travo,0.9,NEW_CANONICAL,Y Combinator,2026-09-12T07:59:52.024332+00:00
Tensr,Tensr,0.9,NEW_CANONICAL,Y Combinator,2026-09-12T07:59:52.025896+00:00
Kestrel AI,Kestrel AI,0.9,NEW_CANONICAL,Y Combinator,2026-09-12T07:59:52.028138+00:00
LogosGuard,LogosGuard,0.9,NEW_CANONICAL,Y Combinator,2026-09-12T07:59:52.030326+00:00
Sciloop,Sciloop,0.9,NEW_CANONICAL,Y Combinator,2026-09-12T07:59:52.032083+00:00
Multifactor,Multifactor,0.9,NEW_CANONICAL,Y Combinator,2026-09-12T07:59:52.034387+00:00
Allus AI,Allus AI,0.9,NEW_CANONICAL,Y Combinator,2026-09-12T07:59:52.036254+00:00
Unsiloed AI,Unsiloed AI,0.9,NEW_CANONICAL,Y Combinator,2026-09-12T07:59:52.038728+00:00
SF Tensor,SF Tensor,0.9,NEW_CANONICAL,Y Combinator,2026-09-12T07:59:52.040730+00:00
AnswerThis,AnswerThis,0.9,NEW_CANONICAL,Y Combinator,2026-09-12T07:59:52.042910+00:00
Nivara,Nivara,0.9,NEW_CANONICAL,Y Combinator,2026-09-12T07:59:52.044654+00:00
Lakonia,Lakonia,0.9,NEW_CANONICAL,Y Combinator,2026-09-12T07:59:52.046797+00:00
SellRaze,SellRaze,0.9,NEW_CANONICAL,Y Combinator,2026-09-12T07:59:52.048866+00:00
Clerked,Clerked,0.9,NEW_CANONICAL,Y Combinator,2026-09-12T07:59:52.050647+00:00
Semble,Semble,0.9,NEW_CANONICAL,Y Combinator,2026-09-12T07:59:52.052252+00:00
Flick,Flick,0.9,NEW_CANONICAL,Y Combinator,2026-09-12T07:59:52.053733+00:00
hillclimb,Hillclimb,0.9,NEW_CANONICAL,Y Combinator,2026-09-12T07:59:52.055609+00:00
AtlasGrid,AtlasGrid,0.9,NEW_CANONICAL,Y Combinator,2026-09-12T07:59:52.057729+00:00
Wardstone,Wardstone,0.9,NEW_CANONICAL,Y Combinator,2026-09-12T07:59:52.059835+00:00
Nessie,Nessie,0.9,NEW_CANONICAL,Y Combinator,2026-09-12T07:59:52.061763+00:00
Hypercubic,Hypercubic,0.9,NEW_CANONICAL,Y Combinator,2026-09-12T07:59:52.063980+00:00
Cranston AI,Cranston AI,0.9,NEW_CANONICAL,Y Combinator,2026-09-12T07:59:52.066454+00:00
Trelium,Trelium,0.9,NEW_CANONICAL,Y Combinator,2026-09-12T07:59:52.068321+00:00
Velum Labs,Velum,0.9,NEW_CANONICAL,Y Combinator,2026-09-12T07:59:52.069886+00:00
Veria Labs,Veria,0.9,NEW_CANONICAL,Y Combinator,2026-09-12T07:59:52.071630+00:00
Minro,Minro,0.9,NEW_CANONICAL,Y Combinator,2026-09-12T07:59:52.073187+00:00
Tell if AI,Tell if AI,0.9,NEW_CANONICAL,Y Combinator,2026-09-12T07:59:52.075268+00:00
Bron,Bron,0.9,NEW_CANONICAL,Y Combinator,2026-09-12T07:59:52.076651+00:00
Koyal,Koyal,0.9,NEW_CANONICAL,Y Combinator,2026-09-12T07:59:52.078469+00:00
Kaigo Health,Kaigo Health,0.9,NEW_CANONICAL,Y Combinator,2026-09-12T07:59:52.080977+00:00
Norra,Norra,0.9,NEW_CANONICAL,Y Combinator,2026-09-12T07:59:52.082610+00:00
Soren,Soren,0.9,NEW_CANONICAL,Y Combinator,2026-09-12T07:59:52.084243+00:00
Lunavo,Lunavo,0.9,NEW_CANONICAL,Y Combinator,2026-09-12T07:59:52.085971+00:00
dari.dev,Dari.Dev,0.9,NEW_CANONICAL,Y Combinator,2026-09-12T07:59:52.088113+00:00
The Context Company,The Context,0.9,NEW_CANONICAL,Y Combinator,2026-09-12T07:59:52.090328+00:00
Sorce,Sorce,0.9,NEW_CANONICAL,Y Combinator,2026-09-12T07:59:52.091921+00:00
Caddy,Caddy,0.9,NEW_CANONICAL,Y Combinator,2026-09-12T07:59:52.093679+00:00
Alt-X,Alt-X,0.9,NEW_CANONICAL,Y Combinator,2026-09-12T07:59:52.095338+00:00
Locus,Locus,0.9,NEW_CANONICAL,Y Combinator,2026-09-12T07:59:52.096854+00:00
Deeptrace,Deeptrace,0.9,NEW_CANONICAL,Y Combinator,2026-09-12T07:59:52.099068+00:00
Aspect,Aspect,0.9,NEW_CANONICAL,Y Combinator,2026-09-12T07:59:52.100731+00:00
Scoop,Scoop,0.9,NEW_CANONICAL,Y Combinator,2026-09-12T07:59:52.102087+00:00
Hyperspell,Hyperspell,0.9,NEW_CANONICAL,Y Combinator,2026-09-12T07:59:52.104029+00:00
Bolna AI,Bolna AI,0.9,NEW_CANONICAL,Y Combinator,2026-09-12T07:59:52.106010+00:00
Nexus,Nexus,0.9,NEW_CANONICAL,Y Combinator,2026-09-12T07:59:52.107434+00:00
Sylvian,Sylvian,0.9,NEW_CANONICAL,Y Combinator,2026-09-12T07:59:52.109393+00:00
Zavo,Zavo,0.9,NEW_CANONICAL,Y Combinator,2026-09-12T07:59:52.110803+00:00
MOVEdot,MOVEdot,0.9,NEW_CANONICAL,Y Combinator,2026-09-12T07:59:52.112675+00:00
Brickwise,Brickwise,0.9,NEW_CANONICAL,Y Combinator,2026-09-12T07:59:52.114740+00:00
Parse,Parse,0.9,NEW_CANONICAL,Y Combinator,2026-09-12T07:59:52.116425+00:00
Structured AI,Structured AI,0.9,NEW_CANONICAL,Y Combinator,2026-09-12T07:59:52.118898+00:00
Uplane,Uplane,0.9,NEW_CANONICAL,Y Combinator,2026-09-12T07:59:52.120807+00:00
AirCaps,AirCaps,0.9,NEW_CANONICAL,Y Combinator,2026-09-12T07:59:52.122490+00:00
Brickanta,Brickanta,0.9,NEW_CANONICAL,Y Combinator,2026-09-12T07:59:52.125048+00:00
F2,F2,0.9,NEW_CANONICAL,Y Combinator,2026-09-12T07:59:52.126172+00:00
Remedy,Remedy,0.9,NEW_CANONICAL,Y Combinator,2026-09-12T07:59:52.127806+00:00
Semiotic,Semiotic,0.9,NEW_CANONICAL,Y Combinator,2026-09-12T07:59:52.130245+00:00
Lapis,Lapis,0.9,NEW_CANONICAL,Y Combinator,2026-09-12T07:59:52.133314+00:00
Efference,Efference,0.9,NEW_CANONICAL,Y Combinator,2026-09-12T07:59:52.135244+00:00
Nox Metals,Nox Metals,0.9,NEW_CANONICAL,Y Combinator,2026-09-12T07:59:52.137734+00:00
Digipals,Digipals,0.9,NEW_CANONICAL,Y Combinator,2026-09-12T07:59:52.139717+00:00
Blue,Blue,0.9,NEW_CANONICAL,Y Combinator,2026-09-12T07:59:52.141126+00:00
Mixy,Mixy,0.9,NEW_CANONICAL,Y Combinator,2026-09-12T07:59:52.142413+00:00
Paloma,Paloma,0.9,NEW_CANONICAL,Y Combinator,2026-09-12T07:59:52.144152+00:00
Uplift AI,Uplift AI,0.9,NEW_CANONICAL,Y Combinator,2026-09-12T07:59:52.146225+00:00
RealRoots,RealRoots,0.9,NEW_CANONICAL,Y Combinator,2026-09-12T07:59:52.148356+00:00
Luminal,Luminal,0.9,NEW_CANONICAL,Y Combinator,2026-09-12T07:59:52.150222+00:00
Freya,Freya,0.9,NEW_CANONICAL,Y Combinator,2026-09-12T07:59:52.151853+00:00
burnt,Burnt,0.9,NEW_CANONICAL,Y Combinator,2026-09-12T07:59:52.153906+00:00
Avent,Avent,0.9,NEW_CANONICAL,Y Combinator,2026-09-12T07:59:52.155849+00:00
Ruvo,Ruvo,0.9,NEW_CANONICAL,Y Combinator,2026-09-12T07:59:52.157148+00:00
Veritus,Veritus,0.9,NEW_CANONICAL,Y Combinator,2026-09-12T07:59:52.159054+00:00
Sapien,Sapien,0.9,NEW_CANONICAL,Y Combinator,2026-09-12T07:59:52.160993+00:00
NOSO LABS,Noso,0.9,NEW_CANONICAL,Y Combinator,2026-09-12T07:59:52.162352+00:00
Vulcan Technologies,Vulcan,0.9,NEW_CANONICAL,Y Combinator,2026-09-12T07:59:52.164065+00:00
Bizzy AI,Bizzy AI,0.9,NEW_CANONICAL,Y Combinator,2026-09-12T07:59:52.165829+00:00
Spotlight Realty,Spotlight Realty,0.9,NEW_CANONICAL,Y Combinator,2026-09-12T07:59:52.168805+00:00
Interfere,Interfere,0.9,NEW_CANONICAL,Y Combinator,2026-09-12T07:59:52.170783+00:00
Munify,Munify,0.9,NEW_CANONICAL,Y Combinator,2026-09-12T07:59:52.172393+00:00
RowFlow,RowFlow,0.9,NEW_CANONICAL,Y Combinator,2026-09-12T07:59:52.173970+00:00
TectoAI,TectoAI,0.9,NEW_CANONICAL,Y Combinator,2026-09-12T07:59:52.175803+00:00
Duranium,Duranium,0.9,NEW_CANONICAL,Y Combinator,2026-09-12T07:59:52.177775+00:00
Smartbase,Smartbase,0.9,NEW_CANONICAL,Y Combinator,2026-09-12T07:59:52.179959+00:00
Perspectives Health,Perspectives Health,0.9,NEW_CANONICAL,Y Combinator,2026-09-12T07:59:52.182993+00:00
Modelence,Modelence,0.9,NEW_CANONICAL,Y Combinator,2026-09-12T07:59:52.185020+00:00
Magnetic,Magnetic,0.9,NEW_CANONICAL,Y Combinator,2026-09-12T07:59:52.188516+00:00
Fleetline,Fleetline,0.9,NEW_CANONICAL,Y Combinator,2026-09-12T07:59:52.191577+00:00
CLODO,Clodo,0.9,NEW_CANONICAL,Y Combinator,2026-09-12T07:59:52.193103+00:00
stagewise,Stagewise,0.9,NEW_CANONICAL,Y Combinator,2026-09-12T07:59:52.195372+00:00
Flywheel AI,Flywheel AI,0.9,NEW_CANONICAL,Y Combinator,2026-09-12T07:59:52.197607+00:00
Button Computer,Button Computer,0.9,NEW_CANONICAL,Y Combinator,2026-09-12T07:59:52.200311+00:00
Juxta,Juxta,0.9,NEW_CANONICAL,Y Combinator,2026-09-12T07:59:52.201817+00:00
Okibi,Okibi,0.9,NEW_CANONICAL,Y Combinator,2026-09-12T07:59:52.203423+00:00
Pollen,Pollen,0.9,NEW_CANONICAL,Y Combinator,2026-09-12T07:59:52.205178+00:00
Rebulk,Rebulk,0.9,NEW_CANONICAL,Y Combinator,2026-09-12T07:59:52.206805+00:00
KERNEL,Kernel,0.9,NEW_CANONICAL,Y Combinator,2026-09-12T07:59:52.208533+00:00
Reacher,Reacher,0.9,NEW_CANONICAL,Y Combinator,2026-09-12T07:59:52.210489+00:00
Certus AI,Certus AI,0.9,NEW_CANONICAL,Y Combinator,2026-09-12T07:59:52.212656+00:00
Notte,Notte,0.9,NEW_CANONICAL,Y Combinator,2026-09-12T07:59:52.214240+00:00
Pally,Pally,0.9,NEW_CANONICAL,Y Combinator,2026-09-12T07:59:52.215783+00:00
Locata,Locata,0.9,NEW_CANONICAL,Y Combinator,2026-09-12T07:59:52.217743+00:00
Fernstone,Fernstone,0.9,NEW_CANONICAL,Y Combinator,2026-09-12T07:59:52.219964+00:00
Pleom,Pleom,0.9,NEW_CANONICAL,Y Combinator,2026-09-12T07:59:52.221582+00:00
Convexia,Convexia,0.9,NEW_CANONICAL,Y Combinator,2026-09-12T07:59:52.223898+00:00
SigmanticAI,SigmanticAI,0.9,NEW_CANONICAL,Y Combinator,2026-09-12T07:59:52.226326+00:00
Opennote,Opennote,0.9,NEW_CANONICAL,Y Combinator,2026-09-12T07:59:52.228288+00:00
Sira,Sierra,0.8,FUZZY_TOKEN_SET,Y Combinator,2026-09-12T07:59:52.229822+00:00
F4 Industries,F4 Industries,0.9,NEW_CANONICAL,Y Combinator,2026-09-12T07:59:52.232270+00:00
Metis,Metis,0.9,NEW_CANONICAL,Y Combinator,2026-09-12T07:59:52.233958+00:00
Quotain,Quotain,0.9,NEW_CANONICAL,Y Combinator,2026-09-12T07:59:52.235835+00:00
Altur,Altur,0.9,NEW_CANONICAL,Y Combinator,2026-09-12T07:59:52.237440+00:00
Foresight,Foresight,0.9,NEW_CANONICAL,Y Combinator,2026-09-12T07:59:52.239649+00:00
PARES AI,Pares Ai,0.9,NEW_CANONICAL,Y Combinator,2026-09-12T07:59:52.241798+00:00
Evergrove,Evergrove,0.9,NEW_CANONICAL,Y Combinator,2026-09-12T07:59:52.243715+00:00
Avelis Health,Avelis Health,0.9,NEW_CANONICAL,Y Combinator,2026-09-12T07:59:52.246323+00:00
Nautilus,Nautilus,0.9,NEW_CANONICAL,Y Combinator,2026-09-12T07:59:52.248498+00:00
Humoniq,Humoniq,0.9,NEW_CANONICAL,Y Combinator,2026-09-12T07:59:52.250653+00:00
Maximal,Maximal,0.9,NEW_CANONICAL,Y Combinator,2026-09-12T07:59:52.252573+00:00
idler,Idler,0.9,NEW_CANONICAL,Y Combinator,2026-09-12T07:59:52.254262+00:00
Floot,Floot,0.9,NEW_CANONICAL,Y Combinator,2026-09-12T07:59:52.255761+00:00
OS3,Os3,0.9,NEW_CANONICAL,Y Combinator,2026-09-12T07:59:52.256930+00:00
Alara,Alara,0.9,NEW_CANONICAL,Y Combinator,2026-09-12T07:59:52.258542+00:00
Socratix AI,Socratix AI,0.9,NEW_CANONICAL,Y Combinator,2026-09-12T07:59:52.263254+00:00
Minimal AI,Minimal AI,0.9,NEW_CANONICAL,Y Combinator,2026-09-12T07:59:52.266898+00:00
Risely AI,Risely AI,0.9,NEW_CANONICAL,Y Combinator,2026-09-12T07:59:52.269339+00:00
Miso Labs,Miso,0.9,NEW_CANONICAL,Y Combinator,2026-09-12T07:59:52.272833+00:00
Omnara,Omnara,0.9,NEW_CANONICAL,Y Combinator,2026-09-12T07:59:52.274897+00:00
Knowlify,Knowlify,0.9,NEW_CANONICAL,Y Combinator,2026-09-12T07:59:52.276899+00:00
Autosana,Autosana,0.9,NEW_CANONICAL,Y Combinator,2026-09-12T07:59:52.278982+00:00
ProcIndex,ProcIndex,0.9,NEW_CANONICAL,Y Combinator,2026-09-12T07:59:52.281223+00:00
Iron Grid,Iron Grid,0.9,NEW_CANONICAL,Y Combinator,2026-09-12T07:59:52.283364+00:00
Finto,Finto,0.9,NEW_CANONICAL,Y Combinator,2026-09-12T07:59:52.284973+00:00
Autumn AI,Autumn AI,0.9,NEW_CANONICAL,Y Combinator,2026-09-12T07:59:52.288367+00:00
Motives,Motives,0.9,NEW_CANONICAL,Y Combinator,2026-09-12T07:59:52.291413+00:00
Relling,Relling,0.9,NEW_CANONICAL,Y Combinator,2026-09-12T07:59:52.293407+00:00
Char,Char,0.9,NEW_CANONICAL,Y Combinator,2026-09-12T07:59:52.294934+00:00
Manufact,Manufact,0.9,NEW_CANONICAL,Y Combinator,2026-09-12T07:59:52.297939+00:00
Novaflow,Novaflow,0.9,NEW_CANONICAL,Y Combinator,2026-09-12T07:59:52.301781+00:00
Perseus Defense,Perseus Defense,0.9,NEW_CANONICAL,Y Combinator,2026-09-12T07:59:52.306790+00:00
Phases,Phases,0.9,NEW_CANONICAL,Y Combinator,2026-09-12T07:59:52.309173+00:00
Solva,Solva,0.9,NEW_CANONICAL,Y Combinator,2026-09-12T07:59:52.310843+00:00
Albacore Inc.,Albacore,0.9,NEW_CANONICAL,Y Combinator,2026-09-12T07:59:52.312892+00:00
Physical Turing,Physical Turing,0.9,NEW_CANONICAL,Y Combinator,2026-09-12T07:59:52.315644+00:00
TwentyTwo,TwentyTwo,0.9,NEW_CANONICAL,Y Combinator,2026-09-12T07:59:52.317571+00:00
Mimos,Mimos,0.9,NEW_CANONICAL,Y Combinator,2026-09-12T07:59:52.319111+00:00
Nozomio,Nozomio,0.9,NEW_CANONICAL,Y Combinator,2026-09-12T07:59:52.321396+00:00
VibeFlow,VibeFlow,0.9,NEW_CANONICAL,Y Combinator,2026-09-12T07:59:52.325040+00:00
Comena,Comena,0.9,NEW_CANONICAL,Y Combinator,2026-09-12T07:59:52.328451+00:00
Normal,Normal,0.9,NEW_CANONICAL,Y Combinator,2026-09-12T07:59:52.330614+00:00
GhostEye,GhostEye,0.9,NEW_CANONICAL,Y Combinator,2026-09-12T07:59:52.332727+00:00
Channel3,Channel3,0.9,NEW_CANONICAL,Y Combinator,2026-09-12T07:59:52.334816+00:00
Epicenter,Epicenter,0.9,NEW_CANONICAL,Y Combinator,2026-09-12T07:59:52.337082+00:00
Costream,Costream,0.9,NEW_CANONICAL,Y Combinator,2026-09-12T07:59:52.339304+00:00
Embedder,Embedder,0.9,NEW_CANONICAL,Y Combinator,2026-09-12T07:59:52.341038+00:00
Flai,Flai,0.9,NEW_CANONICAL,Y Combinator,2026-09-12T07:59:52.342506+00:00
b12 Labs,B12,0.9,NEW_CANONICAL,Y Combinator,2026-09-12T07:59:52.343434+00:00
Fulcrum,Fulcrum,0.9,NEW_CANONICAL,Y Combinator,2026-09-12T07:59:52.345105+00:00
Trace,Trace,0.9,NEW_CANONICAL,Y Combinator,2026-09-12T07:59:52.346809+00:00
OneStop,OneStop,0.9,NEW_CANONICAL,Y Combinator,2026-09-12T07:59:52.348573+00:00
IronLedger.ai,IronLedger.ai,0.9,NEW_CANONICAL,Y Combinator,2026-09-12T07:59:52.350852+00:00
Doe,Doe,0.9,NEW_CANONICAL,Y Combinator,2026-09-12T07:59:52.352132+00:00
Theora,Theora,0.9,NEW_CANONICAL,Y Combinator,2026-09-12T07:59:52.354005+00:00
Conviction,Conviction,0.9,NEW_CANONICAL,Y Combinator,2026-09-12T07:59:52.356256+00:00
Riverbank,Riverbank,0.9,NEW_CANONICAL,Y Combinator,2026-09-12T07:59:52.358433+00:00
Kalinda,Kalinda,0.9,NEW_CANONICAL,Y Combinator,2026-09-12T07:59:52.360363+00:00
Stellon Labs,Stellon,0.9,NEW_CANONICAL,Y Combinator,2026-09-12T07:59:52.362214+00:00
BootLoop,BootLoop,0.9,NEW_CANONICAL,Y Combinator,2026-09-12T07:59:52.363925+00:00
Nexa Labs,Nexa,0.9,NEW_CANONICAL,Y Combinator,2026-09-12T07:59:52.365500+00:00
Induction Labs,Induction,0.9,NEW_CANONICAL,Y Combinator,2026-09-12T07:59:52.367479+00:00
Panoptive,Panoptive,0.9,NEW_CANONICAL,Y Combinator,2026-09-12T07:59:52.369806+00:00
cocreate,Cocreate,0.9,NEW_CANONICAL,Y Combinator,2026-09-12T07:59:52.371994+00:00
Slashy,Slashy,0.9,NEW_CANONICAL,Y Combinator,2026-09-12T07:59:52.373698+00:00
Wedge,Wedge,0.9,NEW_CANONICAL,Y Combinator,2026-09-12T07:59:52.375229+00:00
CareSwift,CareSwift,0.9,NEW_CANONICAL,Y Combinator,2026-09-12T07:59:52.377459+00:00
Pangolin,Pangolin,0.9,NEW_CANONICAL,Y Combinator,2026-09-12T07:59:52.379528+00:00
Kestroll,Kestroll,0.9,NEW_CANONICAL,Y Combinator,2026-09-12T07:59:52.381508+00:00
Tesora,Tesora,0.9,NEW_CANONICAL,Y Combinator,2026-09-12T07:59:52.383441+00:00
DeepAware AI (Robotics Center of Silicon Valley),DeepAware AI (Robotics Center of Silicon Valley),0.9,NEW_CANONICAL,Y Combinator,2026-09-12T07:59:52.389001+00:00
Stockline,Stockline,0.9,NEW_CANONICAL,Y Combinator,2026-09-12T07:59:52.391226+00:00
Magnitude,Magnitude,0.9,NEW_CANONICAL,Y Combinator,2026-09-12T07:59:52.393431+00:00
Proliferate,Proliferate,0.9,NEW_CANONICAL,Y Combinator,2026-09-12T07:59:52.396078+00:00
DeepGrove,DeepGrove,0.9,NEW_CANONICAL,Y Combinator,2026-09-12T07:59:52.398123+00:00
Frizzle,Frizzle,0.9,NEW_CANONICAL,Y Combinator,2026-09-12T07:59:52.399966+00:00
Async,Async,0.9,NEW_CANONICAL,Y Combinator,2026-09-12T07:59:52.401498+00:00
OnDeck AI,OnDeck AI,0.9,NEW_CANONICAL,Y Combinator,2026-09-12T07:59:52.403727+00:00
Alter,Alter,0.9,NEW_CANONICAL,Y Combinator,2026-09-12T07:59:52.405329+00:00
Imprezia,Imprezia,0.9,NEW_CANONICAL,Y Combinator,2026-09-12T07:59:52.409499+00:00
Lilac,Lilac,0.9,NEW_CANONICAL,Y Combinator,2026-09-12T07:59:52.411342+00:00
Janet AI,Janet AI,0.9,NEW_CANONICAL,Y Combinator,2026-09-12T07:59:52.413567+00:00
Cyberdesk,Cyberdesk,0.9,NEW_CANONICAL,Y Combinator,2026-09-12T07:59:52.415635+00:00
Humwork,Humwork,0.9,NEW_CANONICAL,Y Combinator,2026-09-12T07:59:52.417360+00:00
Panels,Panels,0.9,NEW_CANONICAL,Y Combinator,2026-09-12T07:59:52.419233+00:00
Wafer,Wafer,0.9,NEW_CANONICAL,Y Combinator,2026-09-12T07:59:52.420885+00:00
Nuntius,Nuntius,0.9,NEW_CANONICAL,Y Combinator,2026-09-12T07:59:52.422964+00:00
Orange Slice,Orange Slice,0.9,NEW_CANONICAL,Y Combinator,2026-09-12T07:59:52.425802+00:00
Overdrive Health,Overdrive Health,0.9,NEW_CANONICAL,Y Combinator,2026-09-12T07:59:52.428685+00:00
Monarcha,Monarcha,0.9,NEW_CANONICAL,Y Combinator,2026-09-12T07:59:52.430828+00:00
Signals,Signals,0.9,NEW_CANONICAL,Y Combinator,2026-09-12T07:59:52.432793+00:00
Lotas,Lotas,0.9,NEW_CANONICAL,Y Combinator,2026-09-12T07:59:52.434530+00:00
Design Arena,Design Arena,0.9,NEW_CANONICAL,Y Combinator,2026-09-12T07:59:52.437248+00:00
EffiGov,EffiGov,0.9,NEW_CANONICAL,Y Combinator,2026-09-12T07:59:52.439665+00:00
"Galactic Resource Utilization Space, Inc. (GRU Space)","Galactic Resource Utilization Space, . (GRU Space)",0.9,NEW_CANONICAL,Y Combinator,2026-09-12T07:59:52.445621+00:00
Bitrig,Bitrig,0.9,NEW_CANONICAL,Y Combinator,2026-09-12T07:59:52.447403+00:00
Null Labs,Null,0.9,NEW_CANONICAL,Y Combinator,2026-09-12T07:59:52.448929+00:00
Lark,Lark,0.9,NEW_CANONICAL,Y Combinator,2026-09-12T07:59:52.450497+00:00
Topological,Topological,0.9,NEW_CANONICAL,Y Combinator,2026-09-12T07:59:52.453939+00:00
Datafruit,Datafruit,0.9,NEW_CANONICAL,Y Combinator,2026-09-12T07:59:52.456687+00:00
ContextFort,ContextFort,0.9,NEW_CANONICAL,Y Combinator,2026-09-12T07:59:52.460202+00:00
LLM Stats,LLM Stats,0.9,NEW_CANONICAL,Y Combinator,2026-09-12T07:59:52.462411+00:00
Verne Robotics,Verne Robotics,0.9,NEW_CANONICAL,Y Combinator,2026-09-12T07:59:52.465319+00:00
Playgent,Playgent,0.9,NEW_CANONICAL,Y Combinator,2026-09-12T07:59:52.467381+00:00
Liva AI,Liva AI,0.9,NEW_CANONICAL,Y Combinator,2026-09-12T07:59:52.471038+00:00
Bidflow,Bidflow,0.9,NEW_CANONICAL,Y Combinator,2026-09-12T07:59:52.473236+00:00
Shor,Shor,0.9,NEW_CANONICAL,Y Combinator,2026-09-12T07:59:52.474725+00:00
Golpo,Golpo,0.9,NEW_CANONICAL,Y Combinator,2026-09-12T07:59:52.476180+00:00
args,Args,0.9,NEW_CANONICAL,Y Combinator,2026-09-12T07:59:52.477573+00:00
Lanesurf,Lanesurf,0.9,NEW_CANONICAL,Y Combinator,2026-09-12T07:59:52.479596+00:00
Astor,Astor,0.9,NEW_CANONICAL,Y Combinator,2026-09-12T07:59:52.481202+00:00
Blank Bio,Blank Bio,0.9,NEW_CANONICAL,Y Combinator,2026-09-12T07:59:52.483366+00:00
truthsystems,Truthsystems,0.9,NEW_CANONICAL,Y Combinator,2026-09-12T07:59:52.485684+00:00
AgentMail,AgentMail,0.9,NEW_CANONICAL,Y Combinator,2026-09-12T07:59:52.487982+00:00
TraceRoot.AI,TraceRoot.AI,0.9,NEW_CANONICAL,Y Combinator,2026-09-12T07:59:52.490227+00:00
Halluminate,Halluminate,0.9,NEW_CANONICAL,Y Combinator,2026-09-12T07:59:52.492695+00:00
MangoDesk,MangoDesk,0.9,NEW_CANONICAL,Y Combinator,2026-09-12T07:59:52.495055+00:00
The Prompting Company,The Prompting,0.9,NEW_CANONICAL,Y Combinator,2026-09-12T07:59:52.497801+00:00
Acrely,Acrely,0.9,NEW_CANONICAL,Y Combinator,2026-09-12T07:59:52.499651+00:00
Dedalus Labs,Dedalus,0.9,NEW_CANONICAL,Y Combinator,2026-09-12T07:59:52.502293+00:00
Parametric,Parametric,0.9,NEW_CANONICAL,Y Combinator,2026-09-12T07:59:52.506774+00:00
Closera,Closera,0.9,NEW_CANONICAL,Y Combinator,2026-09-12T07:59:52.510194+00:00
Meteor,Meteor,0.9,NEW_CANONICAL,Y Combinator,2026-09-12T07:59:52.512247+00:00
GETASAP,Getasap,0.9,NEW_CANONICAL,Y Combinator,2026-09-12T07:59:52.514339+00:00
Adaptional,Adaptional,0.9,NEW_CANONICAL,Y Combinator,2026-09-12T07:59:52.518563+00:00
Prox,Prox,0.9,NEW_CANONICAL,Y Combinator,2026-09-12T07:59:52.520829+00:00
Autonomous Technologies Group,Autonomous,0.9,NEW_CANONICAL,Y Combinator,2026-09-12T07:59:52.524512+00:00
Pingo,Pingo,0.9,NEW_CANONICAL,Y Combinator,2026-09-12T07:59:52.527292+00:00
Fifth Door,Fifth Door,0.9,NEW_CANONICAL,Y Combinator,2026-09-12T07:59:52.529667+00:00
Preseen,Preseen,0.9,NEW_CANONICAL,Y Combinator,2026-09-12T07:59:52.531649+00:00
Cohesive,Cohesive,0.9,NEW_CANONICAL,Y Combinator,2026-09-12T07:59:52.533848+00:00
Docket,Docket,0.9,NEW_CANONICAL,Y Combinator,2026-09-12T07:59:52.535610+00:00
Sureform,Sureform,0.9,NEW_CANONICAL,Y Combinator,2026-09-12T07:59:52.537773+00:00
Foundation Industries,Foundation Industries,0.9,NEW_CANONICAL,Y Combinator,2026-09-12T07:59:52.541245+00:00
Godela,Godela,0.9,NEW_CANONICAL,Y Combinator,2026-09-12T07:59:52.543108+00:00
BitPatrol,BitPatrol,0.9,NEW_CANONICAL,Y Combinator,2026-09-12T07:59:52.545284+00:00
Aegis,Aegis,0.9,NEW_CANONICAL,Y Combinator,2026-09-12T07:59:52.547015+00:00
Cascade Space,Cascade Space,0.9,NEW_CANONICAL,Y Combinator,2026-09-12T07:59:52.549788+00:00
Bond,Bond,0.9,NEW_CANONICAL,Y Combinator,2026-09-12T07:59:52.551194+00:00
Blueshoe,Blueshoe,0.9,NEW_CANONICAL,Y Combinator,2026-09-12T07:59:52.553398+00:00
sieve,Sieve,0.9,NEW_CANONICAL,Y Combinator,2026-09-12T07:59:52.555063+00:00
Airweave,Airweave,0.9,NEW_CANONICAL,Y Combinator,2026-09-12T07:59:52.556902+00:00
Theorem,Theorem,0.9,NEW_CANONICAL,Y Combinator,2026-09-12T07:59:52.558730+00:00
Text.ai,Text.ai,0.9,NEW_CANONICAL,Y Combinator,2026-09-12T07:59:52.560140+00:00
StarSling,StarSling,0.9,NEW_CANONICAL,Y Combinator,2026-09-12T07:59:52.562349+00:00
Wavedash,Wavedash,0.9,NEW_CANONICAL,Y Combinator,2026-09-12T07:59:52.565429+00:00
Cactus,Cactus,0.9,NEW_CANONICAL,Y Combinator,2026-09-12T07:59:52.567260+00:00
Vision Lab,Vision Lab,0.9,NEW_CANONICAL,Y Combinator,2026-09-12T07:59:52.569496+00:00
Code Four,Code Four,0.9,NEW_CANONICAL,Y Combinator,2026-09-12T07:59:52.571595+00:00
Lumari,Lumari,0.9,NEW_CANONICAL,Y Combinator,2026-09-12T07:59:52.573479+00:00
mlop,Mlop,0.9,NEW_CANONICAL,Y Combinator,2026-09-12T07:59:52.574799+00:00
Den,Den,0.9,NEW_CANONICAL,Y Combinator,2026-09-12T07:59:52.576129+00:00
Propolis,Propolis,0.9,NEW_CANONICAL,Y Combinator,2026-09-12T07:59:52.578219+00:00
Cotool,Cotool,0.9,NEW_CANONICAL,Y Combinator,2026-09-12T07:59:52.579835+00:00
Pelica,Pelica,0.9,NEW_CANONICAL,Y Combinator,2026-09-12T07:59:52.581710+00:00
Nimbic AI,Nimbic AI,0.9,NEW_CANONICAL,Y Combinator,2026-09-12T07:59:52.583788+00:00
Moby Analytics,Moby Analytics,0.9,NEW_CANONICAL,Y Combinator,2026-09-12T07:59:52.586465+00:00
Rimba,Rimba,0.9,NEW_CANONICAL,Y Combinator,2026-09-12T07:59:52.588094+00:00
Adentris,Adentris,0.9,NEW_CANONICAL,Y Combinator,2026-09-12T07:59:52.590224+00:00
Probo,Probo,0.9,NEW_CANONICAL,Y Combinator,2026-09-12T07:59:52.591761+00:00
MindFort,MindFort,0.9,NEW_CANONICAL,Y Combinator,2026-09-12T07:59:52.593667+00:00
AI For Developers,AI For Developers,0.9,NEW_CANONICAL,Awesome AI Tools Registry,2026-09-12T07:59:52.596323+00:00
There's an AI,There's an AI,0.9,NEW_CANONICAL,Awesome AI Tools Registry,2026-09-12T07:59:52.598990+00:00
Notion AI,Notion AI,0.9,NEW_CANONICAL,Awesome AI Tools Registry,2026-09-12T07:59:52.601169+00:00
Murf AI,Murf AI,0.9,NEW_CANONICAL,Awesome AI Tools Registry,2026-09-12T07:59:52.603039+00:00
SaneBox,SaneBox,0.9,NEW_CANONICAL,Awesome AI Tools Registry,2026-09-12T07:59:52.605031+00:00
MeetGeek,MeetGeek,0.9,NEW_CANONICAL,Awesome AI Tools Registry,2026-09-12T07:59:52.606940+00:00
OpenAI API,OpenAI API,0.9,NEW_CANONICAL,Awesome AI Tools Registry,2026-09-12T07:59:52.609140+00:00
Gopher,Gopher,0.9,NEW_CANONICAL,Awesome AI Tools Registry,2026-09-12T07:59:52.610935+00:00
OPT,Opt,0.9,NEW_CANONICAL,Awesome AI Tools Registry,2026-09-12T07:59:52.612149+00:00
Bloom,Bloom,0.9,NEW_CANONICAL,Awesome AI Tools Registry,2026-09-12T07:59:52.613531+00:00
LLaMA,LLaMA,0.9,NEW_CANONICAL,Awesome AI Tools Registry,2026-09-12T07:59:52.615109+00:00
Llama 2,Llama 2,0.9,NEW_CANONICAL,Awesome AI Tools Registry,2026-09-12T07:59:52.616875+00:00
Claude 3,Claude 3,0.9,NEW_CANONICAL,Awesome AI Tools Registry,2026-09-12T07:59:52.618949+00:00
Vicuna-13B,Vicuna-13B,0.9,NEW_CANONICAL,Awesome AI Tools Registry,2026-09-12T07:59:52.621201+00:00
Stable Beluga,Stable Beluga,0.9,NEW_CANONICAL,Awesome AI Tools Registry,2026-09-12T07:59:52.623776+00:00
Stable Beluga 2,Stable Beluga 2,0.9,NEW_CANONICAL,Awesome AI Tools Registry,2026-09-12T07:59:52.626690+00:00
GPT-4o Mini,GPT-4o Mini,0.9,NEW_CANONICAL,Awesome AI Tools Registry,2026-09-12T07:59:52.629028+00:00
ChatGPT,ChatGPT,0.9,NEW_CANONICAL,Awesome AI Tools Registry,2026-09-12T07:59:52.630840+00:00
Bing Chat,Bing Chat,0.9,NEW_CANONICAL,Awesome AI Tools Registry,2026-09-12T07:59:52.632976+00:00
Gemini,Gemini,0.9,NEW_CANONICAL,Awesome AI Tools Registry,2026-09-12T07:59:52.634790+00:00
Character.AI,Character.AI,1.0,EXACT_MATCH,Awesome AI Tools Registry,2026-09-12T07:59:52.634804+00:00
ChatPDF,ChatPDF,0.9,NEW_CANONICAL,Awesome AI Tools Registry,2026-09-12T07:59:52.636627+00:00
ChatSonic,ChatSonic,0.9,NEW_CANONICAL,Awesome AI Tools Registry,2026-09-12T07:59:52.638854+00:00
Phind,Phind,1.0,EXACT_MATCH,Awesome AI Tools Registry,2026-09-12T07:59:52.638871+00:00
Tiledesk,Tiledesk,0.9,NEW_CANONICAL,Awesome AI Tools Registry,2026-09-12T07:59:52.640794+00:00
AICamp,AICamp,0.9,NEW_CANONICAL,Awesome AI Tools Registry,2026-09-12T07:59:52.642346+00:00
Gali Chat,Gali Chat,0.9,NEW_CANONICAL,Awesome AI Tools Registry,2026-09-12T07:59:52.644485+00:00
DeepSeek-R1,DeepSeek-R1,0.9,NEW_CANONICAL,Awesome AI Tools Registry,2026-09-12T07:59:52.646756+00:00
dmwithme,Dmwithme,0.9,NEW_CANONICAL,Awesome AI Tools Registry,2026-09-12T07:59:52.648601+00:00
Kazimir.ai,Kazimir.ai,0.9,NEW_CANONICAL,Awesome AI Tools Registry,2026-09-12T07:59:52.650544+00:00
Perplexity AI,Perplexity AI,1.0,EXACT_MATCH,Awesome AI Tools Registry,2026-09-12T07:59:52.650557+00:00
Metaphor,Metaphor,0.9,NEW_CANONICAL,Awesome AI Tools Registry,2026-09-12T07:59:52.652730+00:00
Phind,Phind,1.0,EXACT_MATCH,Awesome AI Tools Registry,2026-09-12T07:59:52.652749+00:00
You.com,You.com,0.9,NEW_CANONICAL,Awesome AI Tools Registry,2026-09-12T07:59:52.654832+00:00
Komo AI,Komo AI,0.9,NEW_CANONICAL,Awesome AI Tools Registry,2026-09-12T07:59:52.656685+00:00
Telborg,Telborg,0.9,NEW_CANONICAL,Awesome AI Tools Registry,2026-09-12T07:59:52.658522+00:00
MemFree,MemFree,0.9,NEW_CANONICAL,Awesome AI Tools Registry,2026-09-12T07:59:52.660269+00:00
Refinder AI,Refinder AI,0.9,NEW_CANONICAL,Awesome AI Tools Registry,2026-09-12T07:59:52.662797+00:00
Agentset.ai,Agentset.ai,0.9,NEW_CANONICAL,Awesome AI Tools Registry,2026-09-12T07:59:52.664851+00:00
privateGPT,privateGPT,0.9,NEW_CANONICAL,Awesome AI Tools Registry,2026-09-12T07:59:52.667243+00:00
quivr,Quivr,0.9,NEW_CANONICAL,Awesome AI Tools Registry,2026-09-12T07:59:52.668793+00:00
Jasper,Jasper,1.0,EXACT_MATCH,Awesome AI Tools Registry,2026-09-12T07:59:52.668812+00:00
Compose AI,Compose AI,0.9,NEW_CANONICAL,Awesome AI Tools Registry,2026-09-12T07:59:52.671125+00:00
Rytr,Rytr,0.9,NEW_CANONICAL,Awesome AI Tools Registry,2026-09-12T07:59:52.672497+00:00
wordtune,Wordtune,0.9,NEW_CANONICAL,Awesome AI Tools Registry,2026-09-12T07:59:52.674774+00:00
HyperWrite,HyperWrite,0.9,NEW_CANONICAL,Awesome AI Tools Registry,2026-09-12T07:59:52.677040+00:00
Nexus AI,Nexus AI,0.9,NEW_CANONICAL,Awesome AI Tools Registry,2026-09-12T07:59:52.679066+00:00
Moonbeam,Moonbeam,0.9,NEW_CANONICAL,Awesome AI Tools Registry,2026-09-12T07:59:52.681244+00:00
copy.ai,Copy.Ai,0.9,NEW_CANONICAL,Awesome AI Tools Registry,2026-09-12T07:59:52.682581+00:00
Anyword,Anyword,0.9,NEW_CANONICAL,Awesome AI Tools Registry,2026-09-12T07:59:52.684309+00:00
Contenda,Contenda,0.9,NEW_CANONICAL,Awesome AI Tools Registry,2026-09-12T07:59:52.686536+00:00
Hypotenuse AI,Hypotenuse AI,0.9,NEW_CANONICAL,Awesome AI Tools Registry,2026-09-12T07:59:52.689293+00:00
Lavender,Lavender,0.9,NEW_CANONICAL,Awesome AI Tools Registry,2026-09-12T07:59:52.691367+00:00
Lex,Lex,0.9,NEW_CANONICAL,Awesome AI Tools Registry,2026-09-12T07:59:52.692893+00:00
Jenni,Jenni,0.9,NEW_CANONICAL,Awesome AI Tools Registry,2026-09-12T07:59:52.695843+00:00
LAIKA,Laika,0.9,NEW_CANONICAL,Awesome AI Tools Registry,2026-09-12T07:59:52.697482+00:00
QuillBot,QuillBot,0.9,NEW_CANONICAL,Awesome AI Tools Registry,2026-09-12T07:59:52.699854+00:00
Postwise,Postwise,0.9,NEW_CANONICAL,Awesome AI Tools Registry,2026-09-12T07:59:52.702195+00:00
RapidTextAI,RapidTextAI,0.9,NEW_CANONICAL,Awesome AI Tools Registry,2026-09-12T07:59:52.706091+00:00
Copysmith,Copysmith,0.9,NEW_CANONICAL,Awesome AI Tools Registry,2026-09-12T07:59:52.708467+00:00
Yomu,Yomu,0.9,NEW_CANONICAL,Awesome AI Tools Registry,2026-09-12T07:59:52.709774+00:00
Listomatic,Listomatic,0.9,NEW_CANONICAL,Awesome AI Tools Registry,2026-09-12T07:59:52.712116+00:00
Quick Creator,Quick Creator,0.9,NEW_CANONICAL,Awesome AI Tools Registry,2026-09-12T07:59:52.714778+00:00
Trolly.ai,Trolly.ai,0.9,NEW_CANONICAL,Awesome AI Tools Registry,2026-09-12T07:59:52.716432+00:00
Dittto.ai,Dittto.ai,0.9,NEW_CANONICAL,Awesome AI Tools Registry,2026-09-12T07:59:52.718033+00:00
PulsePost,PulsePost,0.9,NEW_CANONICAL,Awesome AI Tools Registry,2026-09-12T07:59:52.720262+00:00
Shy Editor,Shy Editor,0.9,NEW_CANONICAL,Awesome AI Tools Registry,2026-09-12T07:59:52.722810+00:00
DeepL Write,DeepL Write,0.9,NEW_CANONICAL,Awesome AI Tools Registry,2026-09-12T07:59:52.725307+00:00
Headlinesai.pro,Headlinesai.pro,0.9,NEW_CANONICAL,Awesome AI Tools Registry,2026-09-12T07:59:52.728250+00:00
GPTLocalhost,GPTLocalhost,0.9,NEW_CANONICAL,Awesome AI Tools Registry,2026-09-12T07:59:52.730707+00:00
Gist AI,Gist AI,0.9,NEW_CANONICAL,Awesome AI Tools Registry,2026-09-12T07:59:52.732623+00:00
WebChatGPT,WebChatGPT,0.9,NEW_CANONICAL,Awesome AI Tools Registry,2026-09-12T07:59:52.734847+00:00
GPT for Sheets and Docs,GPT for Sheets and Docs,0.9,NEW_CANONICAL,Awesome AI Tools Registry,2026-09-12T07:59:52.738761+00:00
YouTube Summary with ChatGPT,YouTube Summary with ChatGPT,0.9,NEW_CANONICAL,Awesome AI Tools Registry,2026-09-12T07:59:52.742840+00:00
ChatGPT Prompt Genius,ChatGPT Prompt Genius,0.9,NEW_CANONICAL,Awesome AI Tools Registry,2026-09-12T07:59:52.746474+00:00
ChatGPT for Search Engines,ChatGPT for Search Engines,0.9,NEW_CANONICAL,Awesome AI Tools Registry,2026-09-12T07:59:52.750462+00:00
ShareGPT,ShareGPT,0.9,NEW_CANONICAL,Awesome AI Tools Registry,2026-09-12T07:59:52.752501+00:00
Merlin,Merlin,0.9,NEW_CANONICAL,Awesome AI Tools Registry,2026-09-12T07:59:52.754306+00:00
ChatGPT Writer,ChatGPT Writer,0.9,NEW_CANONICAL,Awesome AI Tools Registry,2026-09-12T07:59:52.757908+00:00
ChatGPT for Jupyter,ChatGPT for Jupyter,0.9,NEW_CANONICAL,Awesome AI Tools Registry,2026-09-12T07:59:52.760951+00:00
editGPT,editGPT,0.9,NEW_CANONICAL,Awesome AI Tools Registry,2026-09-12T07:59:52.762678+00:00
Chatbot UI,Chatbot UI,0.9,NEW_CANONICAL,Awesome AI Tools Registry,2026-09-12T07:59:52.764930+00:00
Forefront,Forefront,0.9,NEW_CANONICAL,Awesome AI Tools Registry,2026-09-12T07:59:52.766944+00:00
AI Character for GPT,AI Character for GPT,0.9,NEW_CANONICAL,Awesome AI Tools Registry,2026-09-12T07:59:52.769704+00:00
Mem,Mem,0.9,NEW_CANONICAL,Awesome AI Tools Registry,2026-09-12T07:59:52.770965+00:00
Taskade,Taskade,0.9,NEW_CANONICAL,Awesome AI Tools Registry,2026-09-12T07:59:52.772738+00:00
Notion AI,Notion AI,0.9,NEW_CANONICAL,Awesome AI Tools Registry,2026-09-12T07:59:52.774811+00:00
Nekton AI,Nekton AI,0.9,NEW_CANONICAL,Awesome AI Tools Registry,2026-09-12T07:59:52.776915+00:00
Elephas,Elephas,0.9,NEW_CANONICAL,Awesome AI Tools Registry,2026-09-12T07:59:52.778723+00:00
Lemmy,Lemmy,0.9,NEW_CANONICAL,Awesome AI Tools Registry,2026-09-12T07:59:52.780089+00:00
Google Sheets Formula Generator,Google Sheets Formula Generator,0.9,NEW_CANONICAL,Awesome AI Tools Registry,2026-09-12T07:59:52.784462+00:00
CreateEasily,CreateEasily,0.9,NEW_CANONICAL,Awesome AI Tools Registry,2026-09-12T07:59:52.787206+00:00
Cosmos,Cosmos,0.9,NEW_CANONICAL,Awesome AI Tools Registry,2026-09-12T07:59:52.788716+00:00
aiPDF,aiPDF,0.9,NEW_CANONICAL,Awesome AI Tools Registry,2026-09-12T07:59:52.790068+00:00
Summary With AI,Summary With AI,0.9,NEW_CANONICAL,Awesome AI Tools Registry,2026-09-12T07:59:52.792816+00:00
Emilio,Emilio,0.9,NEW_CANONICAL,Awesome AI Tools Registry,2026-09-12T07:59:52.794497+00:00
Pieces,Pieces,0.9,NEW_CANONICAL,Awesome AI Tools Registry,2026-09-12T07:59:52.796198+00:00
Huntr AI Resume Builder,Huntr AI Resume Builder,0.9,NEW_CANONICAL,Awesome AI Tools Registry,2026-09-12T07:59:52.799389+00:00
Chat With PDF by Copilot.us,Chat With PDF by Copilot.us,0.9,NEW_CANONICAL,Awesome AI Tools Registry,2026-09-12T07:59:52.803424+00:00
Recall,Recall,0.9,NEW_CANONICAL,Awesome AI Tools Registry,2026-09-12T07:59:52.805787+00:00
Talently AI,Talently AI,0.9,NEW_CANONICAL,Awesome AI Tools Registry,2026-09-12T07:59:52.808102+00:00
TailorTask,TailorTask,0.9,NEW_CANONICAL,Awesome AI Tools Registry,2026-09-12T07:59:52.810181+00:00
AnkiDecks AI,AnkiDecks AI,0.9,NEW_CANONICAL,Awesome AI Tools Registry,2026-09-12T07:59:52.812622+00:00
AI for Google Slides,AI for Google Slides,0.9,NEW_CANONICAL,Awesome AI Tools Registry,2026-09-12T07:59:52.815411+00:00
FARSITE,Farsite,0.9,NEW_CANONICAL,Awesome AI Tools Registry,2026-09-12T07:59:52.817364+00:00
GOSH,Gosh,0.9,NEW_CANONICAL,Awesome AI Tools Registry,2026-09-12T07:59:52.818657+00:00
BrainSoup,BrainSoup,0.9,NEW_CANONICAL,Awesome AI Tools Registry,2026-09-12T07:59:52.820664+00:00
MindPal,MindPal,0.9,NEW_CANONICAL,Awesome AI Tools Registry,2026-09-12T07:59:52.822467+00:00
fabric,Fabric,0.9,NEW_CANONICAL,Awesome AI Tools Registry,2026-09-12T07:59:52.824245+00:00
Riffo,Riffo,0.9,NEW_CANONICAL,Awesome AI Tools Registry,2026-09-12T07:59:52.825708+00:00
SlidesWizard,SlidesWizard,0.9,NEW_CANONICAL,Awesome AI Tools Registry,2026-09-12T07:59:52.828068+00:00
Transgate,Transgate,0.9,NEW_CANONICAL,Awesome AI Tools Registry,2026-09-12T07:59:52.830262+00:00
RabbitHoles AI,RabbitHoles AI,0.9,NEW_CANONICAL,Awesome AI Tools Registry,2026-09-12T07:59:52.833039+00:00
Rember,Rember,0.9,NEW_CANONICAL,Awesome AI Tools Registry,2026-09-12T07:59:52.834606+00:00
Qurate,Qurate,0.9,NEW_CANONICAL,Awesome AI Tools Registry,2026-09-12T07:59:52.836364+00:00
FirmOS,FirmOS,0.9,NEW_CANONICAL,Awesome AI Tools Registry,2026-09-12T07:59:52.837999+00:00
Whisper API,Whisper API,0.9,NEW_CANONICAL,Awesome AI Tools Registry,2026-09-12T07:59:52.840396+00:00
Smmry,Smmry,0.9,NEW_CANONICAL,Awesome AI Tools Registry,2026-09-12T07:59:52.841729+00:00
Nudge AI,Nudge AI,0.9,NEW_CANONICAL,Awesome AI Tools Registry,2026-09-12T07:59:52.843625+00:00
Summara,Summara,0.9,NEW_CANONICAL,Awesome AI Tools Registry,2026-09-12T07:59:52.845445+00:00
Mocha,Mocha,0.9,NEW_CANONICAL,Awesome AI Tools Registry,2026-09-12T07:59:52.846998+00:00
Marblism,Marblism,0.9,NEW_CANONICAL,Awesome AI Tools Registry,2026-09-12T07:59:52.849001+00:00
Spell,Spell,0.9,NEW_CANONICAL,Awesome AI Tools Registry,2026-09-12T07:59:52.850495+00:00
Kosmik,Kosmik,0.9,NEW_CANONICAL,Awesome AI Tools Registry,2026-09-12T07:59:52.852127+00:00
Magic Potion,Magic Potion,0.9,NEW_CANONICAL,Awesome AI Tools Registry,2026-09-12T07:59:52.854654+00:00
MinusX,MinusX,0.9,NEW_CANONICAL,Awesome AI Tools Registry,2026-09-12T07:59:52.856218+00:00
Excelmatic,Excelmatic,0.9,NEW_CANONICAL,Awesome AI Tools Registry,2026-09-12T07:59:52.858419+00:00
Langfa.st,Langfa.st,0.9,NEW_CANONICAL,Awesome AI Tools Registry,2026-09-12T07:59:52.860413+00:00
SalesAgent Chat,SalesAgent Chat,0.9,NEW_CANONICAL,Awesome AI Tools Registry,2026-09-12T07:59:52.864246+00:00
ReBillion.ai,ReBillion.ai,0.9,NEW_CANONICAL,Awesome AI Tools Registry,2026-09-12T07:59:52.867441+00:00
Perch Reader,Perch Reader,0.9,NEW_CANONICAL,Awesome AI Tools Registry,2026-09-12T07:59:52.871778+00:00
X-doc AI,X-doc AI,0.9,NEW_CANONICAL,Awesome AI Tools Registry,2026-09-12T07:59:52.874859+00:00
Otter.ai,Otter.ai,0.9,NEW_CANONICAL,Awesome AI Tools Registry,2026-09-12T07:59:52.876518+00:00
Cogram,Cogram,0.9,NEW_CANONICAL,Awesome AI Tools Registry,2026-09-12T07:59:52.878523+00:00
Sybill,Sybill,0.9,NEW_CANONICAL,Awesome AI Tools Registry,2026-09-12T07:59:52.880123+00:00
Loopin AI,Loopin AI,0.9,NEW_CANONICAL,Awesome AI Tools Registry,2026-09-12T07:59:52.882251+00:00
Scribbl,Scribbl,0.9,NEW_CANONICAL,Awesome AI Tools Registry,2026-09-12T07:59:52.884079+00:00
Elicit,Elicit,0.9,NEW_CANONICAL,Awesome AI Tools Registry,2026-09-12T07:59:52.885765+00:00
genei,Genei,0.9,NEW_CANONICAL,Awesome AI Tools Registry,2026-09-12T07:59:52.887780+00:00
Explainpaper,Explainpaper,0.9,NEW_CANONICAL,Awesome AI Tools Registry,2026-09-12T07:59:52.890233+00:00
Galactica,Galactica,0.9,NEW_CANONICAL,Awesome AI Tools Registry,2026-09-12T07:59:52.892488+00:00
Consensus,Consensus,0.9,NEW_CANONICAL,Awesome AI Tools Registry,2026-09-12T07:59:52.894577+00:00
Sourcely,Sourcely,0.9,NEW_CANONICAL,Awesome AI Tools Registry,2026-09-12T07:59:52.896606+00:00
SciSpace,SciSpace,0.9,NEW_CANONICAL,Awesome AI Tools Registry,2026-09-12T07:59:52.898744+00:00
NotebookLM,NotebookLM,0.9,NEW_CANONICAL,Awesome AI Tools Registry,2026-09-12T07:59:52.900860+00:00
Mathos AI,Mathos AI,0.9,NEW_CANONICAL,Awesome AI Tools Registry,2026-09-12T07:59:52.903679+00:00
SiteGPT,SiteGPT,0.9,NEW_CANONICAL,Awesome AI Tools Registry,2026-09-12T07:59:52.905579+00:00
GPTHelp.ai,GPTHelp.ai,0.9,NEW_CANONICAL,Awesome AI Tools Registry,2026-09-12T07:59:52.907385+00:00
SiteSpeakAI,SiteSpeakAI,0.9,NEW_CANONICAL,Awesome AI Tools Registry,2026-09-12T07:59:52.910395+00:00
Dear AI,Dear AI,0.9,NEW_CANONICAL,Awesome AI Tools Registry,2026-09-12T07:59:52.912447+00:00
Inline Help,Inline Help,0.9,NEW_CANONICAL,Awesome AI Tools Registry,2026-09-12T07:59:52.914670+00:00
Aidbase,Aidbase,0.9,NEW_CANONICAL,Awesome AI Tools Registry,2026-09-12T07:59:52.916415+00:00
Twig,Twig,0.9,NEW_CANONICAL,Awesome AI Tools Registry,2026-09-12T07:59:52.917841+00:00
EmailTriager,EmailTriager,0.9,NEW_CANONICAL,Awesome AI Tools Registry,2026-09-12T07:59:52.920310+00:00
AI Poem Generator,AI Poem Generator,0.9,NEW_CANONICAL,Awesome AI Tools Registry,2026-09-12T07:59:52.923779+00:00
Never Jobless LinkedIn Message Generator,Never Jobless LinkedIn Message Generator,0.9,NEW_CANONICAL,Awesome AI Tools Registry,2026-09-12T07:59:52.931076+00:00
Ollama,Ollama,0.9,NEW_CANONICAL,Awesome AI Tools Registry,2026-09-12T07:59:52.933268+00:00
co:here,:Here,0.9,NEW_CANONICAL,Awesome AI Tools Registry,2026-09-12T07:59:52.934865+00:00
Haystack,Haystack,0.9,NEW_CANONICAL,Awesome AI Tools Registry,2026-09-12T07:59:52.936938+00:00
Keploy,Keploy,0.9,NEW_CANONICAL,Awesome AI Tools Registry,2026-09-12T07:59:52.938656+00:00
LangChain,LangChain,1.0,EXACT_MATCH,Awesome AI Tools Registry,2026-09-12T07:59:52.938672+00:00
Portia AI,Portia AI,0.9,NEW_CANONICAL,Awesome AI Tools Registry,2026-09-12T07:59:52.941020+00:00
gpt4all,Gpt4All,0.9,NEW_CANONICAL,Awesome AI Tools Registry,2026-09-12T07:59:52.942873+00:00
LMQL,Lmql,0.9,NEW_CANONICAL,Awesome AI Tools Registry,2026-09-12T07:59:52.944000+00:00
LlamaIndex,LlamaIndex,1.0,EXACT_MATCH,Awesome AI Tools Registry,2026-09-12T07:59:52.944014+00:00
Langfuse,Langfuse,0.9,NEW_CANONICAL,Awesome AI Tools Registry,2026-09-12T07:59:52.945964+00:00
Phoenix,Phoenix,0.9,NEW_CANONICAL,Awesome AI Tools Registry,2026-09-12T07:59:52.947968+00:00
Prediction Guard,Prediction Guard,0.9,NEW_CANONICAL,Awesome AI Tools Registry,2026-09-12T07:59:52.950954+00:00
Portkey,Portkey,0.9,NEW_CANONICAL,Awesome AI Tools Registry,2026-09-12T07:59:52.952889+00:00
OpenAI Downtime Monitor,OpenAI Downtime Monitor,0.9,NEW_CANONICAL,Awesome AI Tools Registry,2026-09-12T07:59:52.956138+00:00
ChatWithCloud,ChatWithCloud,0.9,NEW_CANONICAL,Awesome AI Tools Registry,2026-09-12T07:59:52.958646+00:00
SinglebaseCloud,SinglebaseCloud,0.9,NEW_CANONICAL,Awesome AI Tools Registry,2026-09-12T07:59:52.961485+00:00
Maxim AI,Maxim AI,0.9,NEW_CANONICAL,Awesome AI Tools Registry,2026-09-12T07:59:52.963465+00:00
Wordware,Wordware,0.9,NEW_CANONICAL,Awesome AI Tools Registry,2026-09-12T07:59:52.965527+00:00
CodeRabbit,CodeRabbit,0.9,NEW_CANONICAL,Awesome AI Tools Registry,2026-09-12T07:59:52.967956+00:00
Pagerly,Pagerly,0.9,NEW_CANONICAL,Awesome AI Tools Registry,2026-09-12T07:59:52.970589+00:00
Hexabot,Hexabot,0.9,NEW_CANONICAL,Awesome AI Tools Registry,2026-09-12T07:59:52.973934+00:00
Plandex,Plandex,0.9,NEW_CANONICAL,Awesome AI Tools Registry,2026-09-12T07:59:52.976071+00:00
AI/ML API,Ai/Ml Api,0.9,NEW_CANONICAL,Awesome AI Tools Registry,2026-09-12T07:59:52.977911+00:00
Callstack.ai PR Reviewer,Callstack.ai PR Reviewer,0.9,NEW_CANONICAL,Awesome AI Tools Registry,2026-09-12T07:59:52.981008+00:00
Opik,Opik,0.9,NEW_CANONICAL,Awesome AI Tools Registry,2026-09-12T07:59:52.982564+00:00
Kiln,Kiln,0.9,NEW_CANONICAL,Awesome AI Tools Registry,2026-09-12T07:59:52.984021+00:00
Calmo,Calmo,0.9,NEW_CANONICAL,Awesome AI Tools Registry,2026-09-12T07:59:52.986201+00:00
Cleanlab,Cleanlab,0.9,NEW_CANONICAL,Awesome AI Tools Registry,2026-09-12T07:59:52.988737+00:00
Amazon Q Developer CLI,Amazon Q Developer CLI,0.9,NEW_CANONICAL,Awesome AI Tools Registry,2026-09-12T07:59:52.992187+00:00
Agentic Radar,Agentic Radar,0.9,NEW_CANONICAL,Awesome AI Tools Registry,2026-09-12T07:59:52.995551+00:00
VoltAgent,VoltAgent,0.9,NEW_CANONICAL,Awesome AI Tools Registry,2026-09-12T07:59:52.997748+00:00
Notte,Notte,0.9,NEW_CANONICAL,Awesome AI Tools Registry,2026-09-12T07:59:52.999352+00:00
TensorZero,TensorZero,0.9,NEW_CANONICAL,Awesome AI Tools Registry,2026-09-12T07:59:53.002073+00:00
ToolHive,ToolHive,0.9,NEW_CANONICAL,Awesome AI Tools Registry,2026-09-12T07:59:53.004948+00:00
StarOps,StarOps,0.9,NEW_CANONICAL,Awesome AI Tools Registry,2026-09-12T07:59:53.007015+00:00
AgentDock,AgentDock,0.9,NEW_CANONICAL,Awesome AI Tools Registry,2026-09-12T07:59:53.009180+00:00
Codeflash,Codeflash,0.9,NEW_CANONICAL,Awesome AI Tools Registry,2026-09-12T07:59:53.011446+00:00
Rysa AI,Rysa AI,0.9,NEW_CANONICAL,Awesome AI Tools Registry,2026-09-12T07:59:53.013358+00:00
Agenta,Agenta,0.9,NEW_CANONICAL,Awesome AI Tools Registry,2026-09-12T07:59:53.015192+00:00
GitHub Copilot,GitHub Copilot,0.9,NEW_CANONICAL,Awesome AI Tools Registry,2026-09-12T07:59:53.017757+00:00
poorcoder,Poorcoder,0.9,NEW_CANONICAL,Awesome AI Tools Registry,2026-09-12T07:59:53.020001+00:00
OpenAI Codex,OpenAI Codex,0.9,NEW_CANONICAL,Awesome AI Tools Registry,2026-09-12T07:59:53.022612+00:00
Ghostwriter,Ghostwriter,0.9,NEW_CANONICAL,Awesome AI Tools Registry,2026-09-12T07:59:53.025162+00:00
GoCodeo,GoCodeo,0.9,NEW_CANONICAL,Awesome AI Tools Registry,2026-09-12T07:59:53.026986+00:00
Amazon CodeWhisperer,Amazon CodeWhisperer,0.9,NEW_CANONICAL,Awesome AI Tools Registry,2026-09-12T07:59:53.030161+00:00
tabnine,Tabnine,1.0,EXACT_MATCH,Awesome AI Tools Registry,2026-09-12T07:59:53.030178+00:00
Stenography,Stenography,0.9,NEW_CANONICAL,Awesome AI Tools Registry,2026-09-12T07:59:53.032580+00:00
Mintlify,Mintlify,0.9,NEW_CANONICAL,Awesome AI Tools Registry,2026-09-12T07:59:53.034464+00:00
Debuild,Debuild,0.9,NEW_CANONICAL,Awesome AI Tools Registry,2026-09-12T07:59:53.036974+00:00
AI2sql,AI2sql,0.9,NEW_CANONICAL,Awesome AI Tools Registry,2026-09-12T07:59:53.038573+00:00
CodiumAI,CodiumAI,0.9,NEW_CANONICAL,Awesome AI Tools Registry,2026-09-12T07:59:53.040730+00:00
PR-Agent,PR-Agent,0.9,NEW_CANONICAL,Awesome AI Tools Registry,2026-09-12T07:59:53.042904+00:00
MutableAI,MutableAI,0.9,NEW_CANONICAL,Awesome AI Tools Registry,2026-09-12T07:59:53.045159+00:00
TurboPilot,TurboPilot,0.9,NEW_CANONICAL,Awesome AI Tools Registry,2026-09-12T07:59:53.047392+00:00
GPT-Code UI,GPT-Code UI,0.9,NEW_CANONICAL,Awesome AI Tools Registry,2026-09-12T07:59:53.049880+00:00
MetaGPT,MetaGPT,0.9,NEW_CANONICAL,Awesome AI Tools Registry,2026-09-12T07:59:53.052012+00:00
MutahunterAI,MutahunterAI,0.9,NEW_CANONICAL,Awesome AI Tools Registry,2026-09-12T07:59:53.054741+00:00
AI Kernel Explorer,AI Kernel Explorer,0.9,NEW_CANONICAL,Awesome AI Tools Registry,2026-09-12T07:59:53.057404+00:00
WhoDB,WhoDB,0.9,NEW_CANONICAL,Awesome AI Tools Registry,2026-09-12T07:59:53.058838+00:00
FlexApp,FlexApp,0.9,NEW_CANONICAL,Awesome AI Tools Registry,2026-09-12T07:59:53.060770+00:00
Kilo Code,Kilo Code,0.9,NEW_CANONICAL,Awesome AI Tools Registry,2026-09-12T07:59:53.062844+00:00
Capacity,Capacity,0.9,NEW_CANONICAL,Awesome AI Tools Registry,2026-09-12T07:59:53.064988+00:00
Runcell,Runcell,0.9,NEW_CANONICAL,Awesome AI Tools Registry,2026-09-12T07:59:53.066820+00:00
Manifest,Manifest,0.9,NEW_CANONICAL,Awesome AI Tools Registry,2026-09-12T07:59:53.068920+00:00
DataPup,DataPup,0.9,NEW_CANONICAL,Awesome AI Tools Registry,2026-09-12T07:59:53.070891+00:00
Gito,Gito,0.9,NEW_CANONICAL,Awesome AI Tools Registry,2026-09-12T07:59:53.072643+00:00
DALL·E 2,Dall·E 2,0.9,NEW_CANONICAL,Awesome AI Tools Registry,2026-09-12T07:59:53.074778+00:00
Stable Diffusion,Stable Diffusion,0.9,NEW_CANONICAL,Awesome AI Tools Registry,2026-09-12T07:59:53.077681+00:00
Midjourney,Midjourney,1.0,EXACT_MATCH,Awesome AI Tools Registry,2026-09-12T07:59:53.077697+00:00
Imagen,Imagen,0.9,NEW_CANONICAL,Awesome AI Tools Registry,2026-09-12T07:59:53.079564+00:00
Make-A-Scene,Make-A-Scene,0.9,NEW_CANONICAL,Awesome AI Tools Registry,2026-09-12T07:59:53.082081+00:00
DragGAN,DragGAN,0.9,NEW_CANONICAL,Awesome AI Tools Registry,2026-09-12T07:59:53.084347+00:00
Canva,Canva,0.9,NEW_CANONICAL,Awesome AI Tools Registry,2026-09-12T07:59:53.086118+00:00
Craiyon,Craiyon,0.9,NEW_CANONICAL,Awesome AI Tools Registry,2026-09-12T07:59:53.088107+00:00
DreamStudio,DreamStudio,0.9,NEW_CANONICAL,Awesome AI Tools Registry,2026-09-12T07:59:53.090657+00:00
Artbreeder,Artbreeder,0.9,NEW_CANONICAL,Awesome AI Tools Registry,2026-09-12T07:59:53.092791+00:00
GauGAN2,GauGAN2,0.9,NEW_CANONICAL,Awesome AI Tools Registry,2026-09-12T07:59:53.094637+00:00
Magic Eraser,Magic Eraser,0.9,NEW_CANONICAL,Awesome AI Tools Registry,2026-09-12T07:59:53.097234+00:00
Imagine by Magic Studio,Imagine by Magic Studio,0.9,NEW_CANONICAL,Awesome AI Tools Registry,2026-09-12T07:59:53.100718+00:00
Alpaca,Alpaca,0.9,NEW_CANONICAL,Awesome AI Tools Registry,2026-09-12T07:59:53.102712+00:00
Patience.ai,Patience.ai,0.9,NEW_CANONICAL,Awesome AI Tools Registry,2026-09-12T07:59:53.104864+00:00
GenShare,GenShare,0.9,NEW_CANONICAL,Awesome AI Tools Registry,2026-09-12T07:59:53.106879+00:00
Playground AI,Playground AI,0.9,NEW_CANONICAL,Awesome AI Tools Registry,2026-09-12T07:59:53.109422+00:00
Pixelz AI Art Generator,Pixelz AI Art Generator,0.9,NEW_CANONICAL,Awesome AI Tools Registry,2026-09-12T07:59:53.112604+00:00
modyfi,Modyfi,0.9,NEW_CANONICAL,Awesome AI Tools Registry,2026-09-12T07:59:53.114313+00:00
Ponzu,Ponzu,0.9,NEW_CANONICAL,Awesome AI Tools Registry,2026-09-12T07:59:53.115703+00:00
PhotoRoom,PhotoRoom,0.9,NEW_CANONICAL,Awesome AI Tools Registry,2026-09-12T07:59:53.117997+00:00
PhotoGuruAI,PhotoGuruAI,0.9,NEW_CANONICAL,Awesome AI Tools Registry,2026-09-12T07:59:53.122036+00:00
Avatar AI,Avatar AI,0.9,NEW_CANONICAL,Awesome AI Tools Registry,2026-09-12T07:59:53.124694+00:00
ClipDrop,ClipDrop,0.9,NEW_CANONICAL,Awesome AI Tools Registry,2026-09-12T07:59:53.126712+00:00
Lensa,Lensa,0.9,NEW_CANONICAL,Awesome AI Tools Registry,2026-09-12T07:59:53.128394+00:00
RunDiffusion,RunDiffusion,0.9,NEW_CANONICAL,Awesome AI Tools Registry,2026-09-12T07:59:53.131763+00:00
Human Generator,Human Generator,0.9,NEW_CANONICAL,Awesome AI Tools Registry,2026-09-12T07:59:53.135915+00:00
VectorArt.ai,VectorArt.ai,0.9,NEW_CANONICAL,Awesome AI Tools Registry,2026-09-12T07:59:53.138192+00:00
StockPhotoAI.net,StockPhotoAI.net,0.9,NEW_CANONICAL,Awesome AI Tools Registry,2026-09-12T07:59:53.140648+00:00
Room Reinvented,Room Reinvented,0.9,NEW_CANONICAL,Awesome AI Tools Registry,2026-09-12T07:59:53.143310+00:00
Gensbot,Gensbot,0.9,NEW_CANONICAL,Awesome AI Tools Registry,2026-09-12T07:59:53.145213+00:00
PlantPhotoAI,PlantPhotoAI,0.9,NEW_CANONICAL,Awesome AI Tools Registry,2026-09-12T07:59:53.147650+00:00
RepublicLabs.AI,RepublicLabs.AI,0.9,NEW_CANONICAL,Awesome AI Tools Registry,2026-09-12T07:59:53.150114+00:00
Black Headshots,Black Headshots,0.9,NEW_CANONICAL,Awesome AI Tools Registry,2026-09-12T07:59:53.152869+00:00
Pixvify AI,Pixvify AI,0.9,NEW_CANONICAL,Awesome AI Tools Registry,2026-09-12T07:59:53.154970+00:00
Pawtrait,Pawtrait,0.9,NEW_CANONICAL,Awesome AI Tools Registry,2026-09-12T07:59:53.157042+00:00
iColoring,iColoring,0.9,NEW_CANONICAL,Awesome AI Tools Registry,2026-09-12T07:59:53.159071+00:00
Suit me Up,Suit me Up,0.9,NEW_CANONICAL,Awesome AI Tools Registry,2026-09-12T07:59:53.161366+00:00
AI Photo Forge,AI Photo Forge,0.9,NEW_CANONICAL,Awesome AI Tools Registry,2026-09-12T07:59:53.163648+00:00
AI Boost,AI Boost,0.9,NEW_CANONICAL,Awesome AI Tools Registry,2026-09-12T07:59:53.165346+00:00
PlantTattoosAI,PlantTattoosAI,0.9,NEW_CANONICAL,Awesome AI Tools Registry,2026-09-12T07:59:53.167901+00:00
Brandmark,Brandmark,0.9,NEW_CANONICAL,Awesome AI Tools Registry,2026-09-12T07:59:53.170000+00:00
Gamma,Gamma,0.9,NEW_CANONICAL,Awesome AI Tools Registry,2026-09-12T07:59:53.171519+00:00
Microsoft Designer,Microsoft Designer,0.9,NEW_CANONICAL,Awesome AI Tools Registry,2026-09-12T07:59:53.174664+00:00
SVGStud.io,SVGStud.io,0.9,NEW_CANONICAL,Awesome AI Tools Registry,2026-09-12T07:59:53.176444+00:00
Text2Infographic,Text2Infographic,0.9,NEW_CANONICAL,Awesome AI Tools Registry,2026-09-12T07:59:53.179118+00:00
Seede.ai,Seede.ai,0.9,NEW_CANONICAL,Awesome AI Tools Registry,2026-09-12T07:59:53.180616+00:00
Magic Patterns,Magic Patterns,0.9,NEW_CANONICAL,Awesome AI Tools Registry,2026-09-12T07:59:53.183483+00:00
Lexica,Lexica,0.9,NEW_CANONICAL,Awesome AI Tools Registry,2026-09-12T07:59:53.186994+00:00
Libraire,Libraire,0.9,NEW_CANONICAL,Awesome AI Tools Registry,2026-09-12T07:59:53.190564+00:00
KREA,Krea,0.9,NEW_CANONICAL,Awesome AI Tools Registry,2026-09-12T07:59:53.192778+00:00
OpenArt,OpenArt,0.9,NEW_CANONICAL,Awesome AI Tools Registry,2026-09-12T07:59:53.195531+00:00
Phygital,Phygital,0.9,NEW_CANONICAL,Awesome AI Tools Registry,2026-09-12T07:59:53.198798+00:00
Canva,Canva,0.9,NEW_CANONICAL,Awesome AI Tools Registry,2026-09-12T07:59:53.200706+00:00
Civitai,Civitai,0.9,NEW_CANONICAL,Awesome AI Tools Registry,2026-09-12T07:59:53.202674+00:00
Stable Diffusion Models,Stable Diffusion Models,0.9,NEW_CANONICAL,Awesome AI Tools Registry,2026-09-12T07:59:53.207675+00:00
Stable Horde,Stable Horde,0.9,NEW_CANONICAL,Awesome AI Tools Registry,2026-09-12T07:59:53.211919+00:00
PublicPrompts,PublicPrompts,0.9,NEW_CANONICAL,Awesome AI Tools Registry,2026-09-12T07:59:53.214819+00:00
Hugging Face Diffusion Models Course,Hugging Face Diffusion Models Course,0.9,NEW_CANONICAL,Awesome AI Tools Registry,2026-09-12T07:59:53.219686+00:00
RunwayML,Runway,1.0,EXACT_MATCH,Awesome AI Tools Registry,2026-09-12T07:59:53.219712+00:00
Synthesia,Synthesia,1.0,EXACT_MATCH,Awesome AI Tools Registry,2026-09-12T07:59:53.219722+00:00
Rephrase AI,Rephrase AI,0.9,NEW_CANONICAL,Awesome AI Tools Registry,2026-09-12T07:59:53.222327+00:00
Hour One,Hour One,0.9,NEW_CANONICAL,Awesome AI Tools Registry,2026-09-12T07:59:53.224519+00:00
D-ID,D-Id,0.9,NEW_CANONICAL,Awesome AI Tools Registry,2026-09-12T07:59:53.225993+00:00
ShortVideoGen,ShortVideoGen,0.9,NEW_CANONICAL,Awesome AI Tools Registry,2026-09-12T07:59:53.228704+00:00
Clipwing,Clipwing,0.9,NEW_CANONICAL,Awesome AI Tools Registry,2026-09-12T07:59:53.230654+00:00
Recast Studio,Recast Studio,0.9,NEW_CANONICAL,Awesome AI Tools Registry,2026-09-12T07:59:53.233433+00:00
Based AI,Based AI,0.9,NEW_CANONICAL,Awesome AI Tools Registry,2026-09-12T07:59:53.235527+00:00
klingai,Klingai,0.9,NEW_CANONICAL,Awesome AI Tools Registry,2026-09-12T07:59:53.238458+00:00
Sisif,Sisif,0.9,NEW_CANONICAL,Awesome AI Tools Registry,2026-09-12T07:59:53.240026+00:00
Descript Overdub,Descript Overdub,0.9,NEW_CANONICAL,Awesome AI Tools Registry,2026-09-12T07:59:53.242969+00:00
Respeecher,Respeecher,0.9,NEW_CANONICAL,Awesome AI Tools Registry,2026-09-12T07:59:53.245040+00:00
ElevenLabs,ElevenLabs,1.0,EXACT_MATCH,Awesome AI Tools Registry,2026-09-12T07:59:53.245055+00:00
Resemble AI,Resemble AI,0.9,NEW_CANONICAL,Awesome AI Tools Registry,2026-09-12T07:59:53.247369+00:00
Murf AI,Murf AI,0.9,NEW_CANONICAL,Awesome AI Tools Registry,2026-09-12T07:59:53.249248+00:00
iSpeech,iSpeech,0.9,NEW_CANONICAL,Awesome AI Tools Registry,2026-09-12T07:59:53.251033+00:00
Veritone Voice,Veritone Voice,0.9,NEW_CANONICAL,Awesome AI Tools Registry,2026-09-12T07:59:53.254982+00:00
Microsoft Azure Neural TTS,Microsoft Azure Neural TTS,0.9,NEW_CANONICAL,Awesome AI Tools Registry,2026-09-12T07:59:53.260065+00:00
WellSaid Labs,WellSaid,0.9,NEW_CANONICAL,Awesome AI Tools Registry,2026-09-12T07:59:53.262187+00:00
Lovo.ai,Lovo.ai,0.9,NEW_CANONICAL,Awesome AI Tools Registry,2026-09-12T07:59:53.263509+00:00
Zenmic.com,Zenmic.com,0.9,NEW_CANONICAL,Awesome AI Tools Registry,2026-09-12T07:59:53.265360+00:00
Audify AI,Audify AI,0.9,NEW_CANONICAL,Awesome AI Tools Registry,2026-09-12T07:59:53.267444+00:00
TTS WebUI,TTS WebUI,0.9,NEW_CANONICAL,Awesome AI Tools Registry,2026-09-12T07:59:53.269963+00:00
AInterview.space,AInterview.space,0.9,NEW_CANONICAL,Awesome AI Tools Registry,2026-09-12T07:59:53.272568+00:00
Splash Pro,Splash Pro,0.9,NEW_CANONICAL,Awesome AI Tools Registry,2026-09-12T07:59:53.274894+00:00
AIVA,Aiva,0.9,NEW_CANONICAL,Awesome AI Tools Registry,2026-09-12T07:59:53.276267+00:00
Mubert,Mubert,0.9,NEW_CANONICAL,Awesome AI Tools Registry,2026-09-12T07:59:53.277978+00:00
Soundraw,Soundraw,0.9,NEW_CANONICAL,Awesome AI Tools Registry,2026-09-12T07:59:53.280153+00:00
Beatoven.ai,Beatoven.ai,0.9,NEW_CANONICAL,Awesome AI Tools Registry,2026-09-12T07:59:53.282496+00:00
Boomy,Boomy,0.9,NEW_CANONICAL,Awesome AI Tools Registry,2026-09-12T07:59:53.284020+00:00
Ecrett Music,Ecrett Music,0.9,NEW_CANONICAL,Awesome AI Tools Registry,2026-09-12T07:59:53.286980+00:00
Loudly,Loudly,0.9,NEW_CANONICAL,Awesome AI Tools Registry,2026-09-12T07:59:53.288663+00:00
Soundful,Soundful,0.9,NEW_CANONICAL,Awesome AI Tools Registry,2026-09-12T07:59:53.290487+00:00
AI Music Generator,AI Music Generator,0.9,NEW_CANONICAL,Awesome AI Tools Registry,2026-09-12T07:59:53.293265+00:00
AICaller.io,AICaller.io,0.9,NEW_CANONICAL,Awesome AI Tools Registry,2026-09-12T07:59:53.295128+00:00
AI Voice Agents,AI Voice Agents,0.9,NEW_CANONICAL,Awesome AI Tools Registry,2026-09-12T07:59:53.297683+00:00
Cald.ai,Cald.ai,0.9,NEW_CANONICAL,Awesome AI Tools Registry,2026-09-12T07:59:53.299156+00:00
Rosie,Rosie,0.9,NEW_CANONICAL,Awesome AI Tools Registry,2026-09-12T07:59:53.300845+00:00
Eleven Labs,ElevenLabs,1.0,EXACT_MATCH,Awesome AI Tools Registry,2026-09-12T07:59:53.300868+00:00
WellSaid,WellSaid,0.9,NEW_CANONICAL,Awesome AI Tools Registry,2026-09-12T07:59:53.302789+00:00
Play.ht,Play.ht,0.9,NEW_CANONICAL,Awesome AI Tools Registry,2026-09-12T07:59:53.304561+00:00
Coqui,Coqui,0.9,NEW_CANONICAL,Awesome AI Tools Registry,2026-09-12T07:59:53.306034+00:00
podcast.ai,Podcast.Ai,0.9,NEW_CANONICAL,Awesome AI Tools Registry,2026-09-12T07:59:53.307874+00:00
VALL-E X,Vall-E X,0.9,NEW_CANONICAL,Awesome AI Tools Registry,2026-09-12T07:59:53.309743+00:00
TorToiSe,TorToiSe,0.9,NEW_CANONICAL,Awesome AI Tools Registry,2026-09-12T07:59:53.311745+00:00
Bark,Bark,0.9,NEW_CANONICAL,Awesome AI Tools Registry,2026-09-12T07:59:53.313105+00:00
CustomPod.io,CustomPod.io,0.9,NEW_CANONICAL,Awesome AI Tools Registry,2026-09-12T07:59:53.314973+00:00
EKHOS AI,Ekhos Ai,0.9,NEW_CANONICAL,Awesome AI Tools Registry,2026-09-12T07:59:53.317022+00:00
Harmonai,Harmonai,0.9,NEW_CANONICAL,Awesome AI Tools Registry,2026-09-12T07:59:53.319172+00:00
Mubert,Mubert,0.9,NEW_CANONICAL,Awesome AI Tools Registry,2026-09-12T07:59:53.320965+00:00
MusicLM,MusicLM,0.9,NEW_CANONICAL,Awesome AI Tools Registry,2026-09-12T07:59:53.322723+00:00
Remusic,Remusic,0.9,NEW_CANONICAL,Awesome AI Tools Registry,2026-09-12T07:59:53.324578+00:00
Taranify,Taranify,0.9,NEW_CANONICAL,Awesome AI Tools Registry,2026-09-12T07:59:53.326548+00:00
Diagram,Diagram,0.9,NEW_CANONICAL,Awesome AI Tools Registry,2026-09-12T07:59:53.328367+00:00
PromptBase,PromptBase,0.9,NEW_CANONICAL,Awesome AI Tools Registry,2026-09-12T07:59:53.330704+00:00
This Image Does Not Exist,This Image Does Not Exist,0.9,NEW_CANONICAL,Awesome AI Tools Registry,2026-09-12T07:59:53.334591+00:00
Have I Been Trained?,Have I Been Trained?,0.9,NEW_CANONICAL,Awesome AI Tools Registry,2026-09-12T07:59:53.338687+00:00
AI Dungeon,AI Dungeon,0.9,NEW_CANONICAL,Awesome AI Tools Registry,2026-09-12T07:59:53.340719+00:00
Clickable,Clickable,0.9,NEW_CANONICAL,Awesome AI Tools Registry,2026-09-12T07:59:53.342787+00:00
Scale Spellbook,Scale Spellbook,0.9,NEW_CANONICAL,Awesome AI Tools Registry,2026-09-12T07:59:53.345418+00:00
Scenario,Scenario,0.9,NEW_CANONICAL,Awesome AI Tools Registry,2026-09-12T07:59:53.347608+00:00
Teleprompter,Teleprompter,0.9,NEW_CANONICAL,Awesome AI Tools Registry,2026-09-12T07:59:53.350082+00:00
FinChat,FinChat,0.9,NEW_CANONICAL,Awesome AI Tools Registry,2026-09-12T07:59:53.351957+00:00
Petals,Petals,0.9,NEW_CANONICAL,Awesome AI Tools Registry,2026-09-12T07:59:53.353812+00:00
Shotstack Workflows,Shotstack Workflows,0.9,NEW_CANONICAL,Awesome AI Tools Registry,2026-09-12T07:59:53.356755+00:00
Aispect,Aispect,0.9,NEW_CANONICAL,Awesome AI Tools Registry,2026-09-12T07:59:53.358442+00:00
PressPulse AI,PressPulse AI,0.9,NEW_CANONICAL,Awesome AI Tools Registry,2026-09-12T07:59:53.360984+00:00
GummySearch,GummySearch,0.9,NEW_CANONICAL,Awesome AI Tools Registry,2026-09-12T07:59:53.363197+00:00
Taplio,Taplio,0.9,NEW_CANONICAL,Awesome AI Tools Registry,2026-09-12T07:59:53.364975+00:00
PromptPal,PromptPal,0.9,NEW_CANONICAL,Awesome AI Tools Registry,2026-09-12T07:59:53.367168+00:00
FairyTailAI,FairyTailAI,0.9,NEW_CANONICAL,Awesome AI Tools Registry,2026-09-12T07:59:53.369214+00:00
Myriad,Myriad,0.9,NEW_CANONICAL,Awesome AI Tools Registry,2026-09-12T07:59:53.370987+00:00
GradGPT,GradGPT,0.9,NEW_CANONICAL,Awesome AI Tools Registry,2026-09-12T07:59:53.372782+00:00
Code to Flow,Code to Flow,0.9,NEW_CANONICAL,Awesome AI Tools Registry,2026-09-12T07:59:53.374987+00:00
AI-Flow,AI-Flow,0.9,NEW_CANONICAL,Awesome AI Tools Registry,2026-09-12T07:59:53.376529+00:00
Architecture Helper,Architecture Helper,0.9,NEW_CANONICAL,Awesome AI Tools Registry,2026-09-12T07:59:53.379491+00:00
VocalReplica,VocalReplica,0.9,NEW_CANONICAL,Awesome AI Tools Registry,2026-09-12T07:59:53.382145+00:00
AI Wedding Toast,AI Wedding Toast,0.9,NEW_CANONICAL,Awesome AI Tools Registry,2026-09-12T07:59:53.384524+00:00
Interviews Chat,Interviews Chat,0.9,NEW_CANONICAL,Awesome AI Tools Registry,2026-09-12T07:59:53.387132+00:00
Context Data,Context Data,0.9,NEW_CANONICAL,Awesome AI Tools Registry,2026-09-12T07:59:53.389625+00:00
ezJobs,ezJobs,0.9,NEW_CANONICAL,Awesome AI Tools Registry,2026-09-12T07:59:53.391067+00:00
Compass,Compass,0.9,NEW_CANONICAL,Awesome AI Tools Registry,2026-09-12T07:59:53.392849+00:00
Adon AI,Adon AI,0.9,NEW_CANONICAL,Awesome AI Tools Registry,2026-09-12T07:59:53.394669+00:00
Persuva,Persuva,0.9,NEW_CANONICAL,Awesome AI Tools Registry,2026-09-12T07:59:53.396495+00:00
Interview Solver,Interview Solver,0.9,NEW_CANONICAL,Awesome AI Tools Registry,2026-09-12T07:59:53.399106+00:00
Socialsonic,Socialsonic,0.9,NEW_CANONICAL,Awesome AI Tools Registry,2026-09-12T07:59:53.401418+00:00
Napkin,Napkin,0.9,NEW_CANONICAL,Awesome AI Tools Registry,2026-09-12T07:59:53.403129+00:00
Exam Samurai,Exam Samurai,0.9,NEW_CANONICAL,Awesome AI Tools Registry,2026-09-12T07:59:53.405499+00:00
AI Watermark Remover,AI Watermark Remover,0.9,NEW_CANONICAL,Awesome AI Tools Registry,2026-09-12T07:59:53.408116+00:00
AISaver,AISaver,0.9,NEW_CANONICAL,Awesome AI Tools Registry,2026-09-12T07:59:53.409778+00:00
Harbor,Harbor,0.9,NEW_CANONICAL,Awesome AI Tools Registry,2026-09-12T07:59:53.411464+00:00
LangMagic,LangMagic,0.9,NEW_CANONICAL,Awesome AI Tools Registry,2026-09-12T07:59:53.414416+00:00
fynk,Fynk,0.9,NEW_CANONICAL,Awesome AI Tools Registry,2026-09-12T07:59:53.415666+00:00
LooksMax AI,LooksMax AI,0.9,NEW_CANONICAL,Awesome AI Tools Registry,2026-09-12T07:59:53.417862+00:00
Podify.io,Podify.io,0.9,NEW_CANONICAL,Awesome AI Tools Registry,2026-09-12T07:59:53.419496+00:00
ResumeDive,ResumeDive,0.9,NEW_CANONICAL,Awesome AI Tools Registry,2026-09-12T07:59:53.421675+00:00
Luthor,Luthor,0.9,NEW_CANONICAL,Awesome AI Tools Registry,2026-09-12T07:59:53.423301+00:00
Hyperbrowser,Hyperbrowser,0.9,NEW_CANONICAL,Awesome AI Tools Registry,2026-09-12T07:59:53.425489+00:00
Bricks,Bricks,0.9,NEW_CANONICAL,Awesome AI Tools Registry,2026-09-12T07:59:53.427118+00:00
MindStudio,MindStudio,0.9,NEW_CANONICAL,Awesome AI Tools Registry,2026-09-12T07:59:53.429329+00:00
Daruy,Daruy,0.9,NEW_CANONICAL,Awesome AI Tools Registry,2026-09-12T07:59:53.430966+00:00
Promptly,Promptly,0.9,NEW_CANONICAL,Awesome AI Tools Registry,2026-09-12T07:59:53.432917+00:00
Melies,Melies,0.9,NEW_CANONICAL,Awesome AI Tools Registry,2026-09-12T07:59:53.434677+00:00
Learn Prompting,Learn Prompting,0.9,NEW_CANONICAL,Awesome AI Tools Registry,2026-09-12T07:59:53.437602+00:00
Prompt Engineering Guide,Prompt Engineering Guide,0.9,NEW_CANONICAL,Awesome AI Tools Registry,2026-09-12T07:59:53.441300+00:00
ChatGPT prompt engineering for developers,ChatGPT prompt engineering for developers,0.9,NEW_CANONICAL,Awesome AI Tools Registry,2026-09-12T07:59:53.446415+00:00
OpenAI Cookbook,OpenAI Cookbook,0.9,NEW_CANONICAL,Awesome AI Tools Registry,2026-09-12T07:59:53.448755+00:00
Robert Miles AI Safety,Robert Miles AI Safety,0.9,NEW_CANONICAL,Awesome AI Tools Registry,2026-09-12T07:59:53.452003+00:00
Roadmap,Roadmap,0.9,NEW_CANONICAL,Awesome AI Tools Registry,2026-09-12T07:59:53.454059+00:00
Andrew Ng’s Machine Learning at Stanford University,Andrew Ng’s Machine Learning at Stanford University,0.9,NEW_CANONICAL,Awesome AI Tools Registry,2026-09-12T07:59:53.460103+00:00
Sebastian Thrun’s Introduction To Machine Learning,Sebastian Thrun’s Introduction To Machine Learning,0.9,NEW_CANONICAL,Awesome AI Tools Registry,2026-09-12T07:59:53.466280+00:00
AI and Machine Learning Roadmaps,AI and Machine Learning Roadmaps,0.9,NEW_CANONICAL,Awesome AI Tools Registry,2026-09-12T07:59:53.469895+00:00
How To Learn Artificial Intelligence (AI)?,How To Learn Artificial Intelligence (AI)?,0.9,NEW_CANONICAL,Awesome AI Tools Registry,2026-09-12T07:59:53.475380+00:00
Geoffrey Hinton’s Neural Networks For Machine Learning,Geoffrey Hinton’s Neural Networks For Machine Learning,0.9,NEW_CANONICAL,Awesome AI Tools Registry,2026-09-12T07:59:53.481295+00:00
Jeremy Howard’s Fast.ai & Data Institute Certificates,Jeremy Howard’s Fast.ai & Data Institute Certificates,0.9,NEW_CANONICAL,Awesome AI Tools Registry,2026-09-12T07:59:53.484558+00:00
coursera-deep-learning-specialization,Coursera-Deep-Learning-Specialization,0.9,NEW_CANONICAL,Awesome AI Tools Registry,2026-09-12T07:59:53.489680+00:00
tensorflow,Tensorflow,0.9,NEW_CANONICAL,Awesome AI Tools Registry,2026-09-12T07:59:53.491721+00:00
NVIDIA Omniverse AI Animal Explorer Extension,NVIDIA Omniverse AI Animal Explorer Extension,0.9,NEW_CANONICAL,Awesome AI Tools Registry,2026-09-12T07:59:53.496717+00:00
Altern,Altern,0.9,NEW_CANONICAL,Awesome AI Tools Registry,2026-09-12T07:59:53.498411+00:00
Best of AI,Best of AI,0.9,NEW_CANONICAL,Awesome AI Tools Registry,2026-09-12T07:59:53.500572+00:00
Awesome AI Models,Awesome AI Models,0.9,NEW_CANONICAL,Awesome AI Tools Registry,2026-09-12T07:59:53.503311+00:00
Awesome AI Coding Tools,Awesome AI Coding Tools,0.9,NEW_CANONICAL,Awesome AI Tools Registry,2026-09-12T07:59:53.506524+00:00
Awesome Vibe Coding,Awesome Vibe Coding,0.9,NEW_CANONICAL,Awesome AI Tools Registry,2026-09-12T07:59:53.509735+00:00
AI for Productivity,AI for Productivity,0.9,NEW_CANONICAL,Awesome AI Tools Registry,2026-09-12T07:59:53.512341+00:00
Workflow Automation Softwares,Workflow Automation Softwares,0.9,NEW_CANONICAL,Awesome AI Tools Registry,2026-09-12T07:59:53.516332+00:00
Awesome Workflow Automation,Awesome Workflow Automation,0.9,NEW_CANONICAL,Awesome AI Tools Registry,2026-09-12T07:59:53.520125+00:00
Awesome Marketing,Awesome Marketing,0.9,NEW_CANONICAL,Awesome AI Tools Registry,2026-09-12T07:59:53.523455+00:00
"How Large Language Models Will Transform Science, Society, and AI","How Large Language Models Will Transform Science, Society, and AI",0.9,NEW_CANONICAL,Awesome Generative AI Directory,2026-09-12T07:59:53.534518+00:00
Generative AI: A Creative New World,Generative AI: A Creative New World,0.9,NEW_CANONICAL,Awesome Generative AI Directory,2026-09-12T07:59:53.539704+00:00
OpenAI API,OpenAI API,0.9,NEW_CANONICAL,Awesome Generative AI Directory,2026-09-12T07:59:53.541892+00:00
GitHub Copilot,GitHub Copilot,0.9,NEW_CANONICAL,Awesome Generative AI Directory,2026-09-12T07:59:53.544362+00:00
DALL·E 2,Dall·E 2,0.9,NEW_CANONICAL,Awesome Generative AI Directory,2026-09-12T07:59:53.546279+00:00
Stable Diffusion Public Release,Stable Diffusion Public Release,0.9,NEW_CANONICAL,Awesome Generative AI Directory,2026-09-12T07:59:53.550410+00:00
ChatGPT,ChatGPT,0.9,NEW_CANONICAL,Awesome Generative AI Directory,2026-09-12T07:59:53.552128+00:00
Bing Search,Bing Search,0.9,NEW_CANONICAL,Awesome Generative AI Directory,2026-09-12T07:59:53.554693+00:00
LLaMA,LLaMA,0.9,NEW_CANONICAL,Awesome Generative AI Directory,2026-09-12T07:59:53.556236+00:00
GPT-4,Gpt-4,0.9,NEW_CANONICAL,Awesome Generative AI Directory,2026-09-12T07:59:53.557693+00:00
DALL·E 3,Dall·E 3,0.9,NEW_CANONICAL,Awesome Generative AI Directory,2026-09-12T07:59:53.559582+00:00
Sora,Sora,0.9,NEW_CANONICAL,Awesome Generative AI Directory,2026-09-12T07:59:53.561073+00:00
Gopher,Gopher,0.9,NEW_CANONICAL,Awesome Generative AI Directory,2026-09-12T07:59:53.562679+00:00
Llama,Llama,0.9,NEW_CANONICAL,Awesome Generative AI Directory,2026-09-12T07:59:53.564181+00:00
Mistral,Mistral AI,1.0,EXACT_MATCH,Awesome Generative AI Directory,2026-09-12T07:59:53.564195+00:00
Grok,Grok,0.9,NEW_CANONICAL,Awesome Generative AI Directory,2026-09-12T07:59:53.565493+00:00
Qwen,Qwen,0.9,NEW_CANONICAL,Awesome Generative AI Directory,2026-09-12T07:59:53.566747+00:00
DeepSeek,DeepSeek,0.9,NEW_CANONICAL,Awesome Generative AI Directory,2026-09-12T07:59:53.568417+00:00
MiniMax,MiniMax,0.9,NEW_CANONICAL,Awesome Generative AI Directory,2026-09-12T07:59:53.570229+00:00
Kimi K2,Kimi K2,0.9,NEW_CANONICAL,Awesome Generative AI Directory,2026-09-12T07:59:53.571787+00:00
GLM,Glm,0.9,NEW_CANONICAL,Awesome Generative AI Directory,2026-09-12T07:59:53.572822+00:00
ChatGPT,ChatGPT,0.9,NEW_CANONICAL,Awesome Generative AI Directory,2026-09-12T07:59:53.574503+00:00
Copilot,Copilot,0.9,NEW_CANONICAL,Awesome Generative AI Directory,2026-09-12T07:59:53.576278+00:00
Gemini,Gemini,0.9,NEW_CANONICAL,Awesome Generative AI Directory,2026-09-12T07:59:53.577961+00:00
Meta AI,Meta AI,0.9,NEW_CANONICAL,Awesome Generative AI Directory,2026-09-12T07:59:53.579785+00:00
DeepSeek,DeepSeek,0.9,NEW_CANONICAL,Awesome Generative AI Directory,2026-09-12T07:59:53.581470+00:00
Pi,Physical Intelligence,1.0,EXACT_MATCH,Awesome Generative AI Directory,2026-09-12T07:59:53.581485+00:00
Qwen,Qwen,0.9,NEW_CANONICAL,Awesome Generative AI Directory,2026-09-12T07:59:53.582732+00:00
Le Chat,Le Chat,0.9,NEW_CANONICAL,Awesome Generative AI Directory,2026-09-12T07:59:53.584539+00:00
Kimi,Kimi,0.9,NEW_CANONICAL,Awesome Generative AI Directory,2026-09-12T07:59:53.585814+00:00
Z.ai,Z.ai,0.9,NEW_CANONICAL,Awesome Generative AI Directory,2026-09-12T07:59:53.587598+00:00
LibreChat,LibreChat,0.9,NEW_CANONICAL,Awesome Generative AI Directory,2026-09-12T07:59:53.590218+00:00
Exa,Exa,0.9,NEW_CANONICAL,Awesome Generative AI Directory,2026-09-12T07:59:53.592262+00:00
privateGPT,privateGPT,0.9,NEW_CANONICAL,Awesome Generative AI Directory,2026-09-12T07:59:53.594525+00:00
quivr,Quivr,0.9,NEW_CANONICAL,Awesome Generative AI Directory,2026-09-12T07:59:53.595982+00:00
Humanize-Text,Humanize-Text,0.9,NEW_CANONICAL,Awesome Generative AI Directory,2026-09-12T07:59:53.598429+00:00
WebChatGPT,WebChatGPT,0.9,NEW_CANONICAL,Awesome Generative AI Directory,2026-09-12T07:59:53.600454+00:00
YouTube Summary with ChatGPT,YouTube Summary with ChatGPT,0.9,NEW_CANONICAL,Awesome Generative AI Directory,2026-09-12T07:59:53.604392+00:00
AI Prompt Genius,AI Prompt Genius,0.9,NEW_CANONICAL,Awesome Generative AI Directory,2026-09-12T07:59:53.606762+00:00
Merlin,Merlin,0.9,NEW_CANONICAL,Awesome Generative AI Directory,2026-09-12T07:59:53.608475+00:00
Jetwriter,Jetwriter,0.9,NEW_CANONICAL,Awesome Generative AI Directory,2026-09-12T07:59:53.610493+00:00
"ChatGPT for Sheets, Docs, Slides, Forms","ChatGPT for Sheets, Docs, Slides, Forms",0.9,NEW_CANONICAL,Awesome Generative AI Directory,2026-09-12T07:59:53.614879+00:00
GPT for Gmail,GPT for Gmail,0.9,NEW_CANONICAL,Awesome Generative AI Directory,2026-09-12T07:59:53.617246+00:00
Limitless,Limitless,0.9,NEW_CANONICAL,Awesome Generative AI Directory,2026-09-12T07:59:53.619150+00:00
NotebookLM,NotebookLM,0.9,NEW_CANONICAL,Awesome Generative AI Directory,2026-09-12T07:59:53.621181+00:00
Open Notebook,Open Notebook,0.9,NEW_CANONICAL,Awesome Generative AI Directory,2026-09-12T07:59:53.623431+00:00
Screenpipe,Screenpipe,0.9,NEW_CANONICAL,Awesome Generative AI Directory,2026-09-12T07:59:53.625581+00:00
Read AI,Read AI,0.9,NEW_CANONICAL,Awesome Generative AI Directory,2026-09-12T07:59:53.627412+00:00
Fireflies.ai,Fireflies.ai,0.9,NEW_CANONICAL,Awesome Generative AI Directory,2026-09-12T07:59:53.629344+00:00
scite,Scite,0.9,NEW_CANONICAL,Awesome Generative AI Directory,2026-09-12T07:59:53.630891+00:00
STORM,Storm,0.9,NEW_CANONICAL,Awesome Generative AI Directory,2026-09-12T07:59:53.632320+00:00
alphaXiv,alphaXiv,0.9,NEW_CANONICAL,Awesome Generative AI Directory,2026-09-12T07:59:53.634128+00:00
ASReview,ASReview,0.9,NEW_CANONICAL,Awesome Generative AI Directory,2026-09-12T07:59:53.636069+00:00
Local Deep Research,Local Deep Research,0.9,NEW_CANONICAL,Awesome Generative AI Directory,2026-09-12T07:59:53.639018+00:00
Rayyan,Rayyan,0.9,NEW_CANONICAL,Awesome Generative AI Directory,2026-09-12T07:59:53.640643+00:00
Arena,Arena,0.9,NEW_CANONICAL,Awesome Generative AI Directory,2026-09-12T07:59:53.642217+00:00
Artificial Analysis,Artificial Analysis,0.9,NEW_CANONICAL,Awesome Generative AI Directory,2026-09-12T07:59:53.645127+00:00
imgsys,Imgsys,0.9,NEW_CANONICAL,Awesome Generative AI Directory,2026-09-12T07:59:53.646511+00:00
OpenRouter LLM Rankings,OpenRouter LLM Rankings,0.9,NEW_CANONICAL,Awesome Generative AI Directory,2026-09-12T07:59:53.650021+00:00
SEAL LLM Leaderboard,SEAL LLM Leaderboard,0.9,NEW_CANONICAL,Awesome Generative AI Directory,2026-09-12T07:59:53.653282+00:00
LLM Stats,LLM Stats,0.9,NEW_CANONICAL,Awesome Generative AI Directory,2026-09-12T07:59:53.655176+00:00
Amazon Q,Amazon Q,0.9,NEW_CANONICAL,Awesome Generative AI Directory,2026-09-12T07:59:53.656905+00:00
Qodo,Qodo,0.9,NEW_CANONICAL,Awesome Generative AI Directory,2026-09-12T07:59:53.658057+00:00
PR-Agent,PR-Agent,0.9,NEW_CANONICAL,Awesome Generative AI Directory,2026-09-12T07:59:53.660005+00:00
Open Interpreter,Open Interpreter,0.9,NEW_CANONICAL,Awesome Generative AI Directory,2026-09-12T07:59:53.662632+00:00
Continue,Continue,0.9,NEW_CANONICAL,Awesome Generative AI Directory,2026-09-12T07:59:53.664514+00:00
RooCode,RooCode,0.9,NEW_CANONICAL,Awesome Generative AI Directory,2026-09-12T07:59:53.666111+00:00
Windsurf,Windsurf,0.9,NEW_CANONICAL,Awesome Generative AI Directory,2026-09-12T07:59:53.667800+00:00
Jupyter AI,Jupyter AI,0.9,NEW_CANONICAL,Awesome Generative AI Directory,2026-09-12T07:59:53.669930+00:00
DataLine,DataLine,0.9,NEW_CANONICAL,Awesome Generative AI Directory,2026-09-12T07:59:53.671880+00:00
v0,V0,0.9,NEW_CANONICAL,Awesome Generative AI Directory,2026-09-12T07:59:53.672690+00:00
Lovable,Lovable,0.9,NEW_CANONICAL,Awesome Generative AI Directory,2026-09-12T07:59:53.674428+00:00
aider,Aider,0.9,NEW_CANONICAL,Awesome Generative AI Directory,2026-09-12T07:59:53.676017+00:00
Kilo,Kilo,0.9,NEW_CANONICAL,Awesome Generative AI Directory,2026-09-12T07:59:53.677365+00:00
Cohere,Cohere,1.0,EXACT_MATCH,Awesome Generative AI Directory,2026-09-12T07:59:53.677391+00:00
LLM App,LLM App,0.9,NEW_CANONICAL,Awesome Generative AI Directory,2026-09-12T07:59:53.678961+00:00
Cursor,Anysphere (Cursor),1.0,EXACT_MATCH,Awesome Generative AI Directory,2026-09-12T07:59:53.678974+00:00
SymbolicAI,SymbolicAI,0.9,NEW_CANONICAL,Awesome Generative AI Directory,2026-09-12T07:59:53.680999+00:00
Vanna.ai,Vanna.ai,0.9,NEW_CANONICAL,Awesome Generative AI Directory,2026-09-12T07:59:53.682558+00:00
agenta,Agenta,0.9,NEW_CANONICAL,Awesome Generative AI Directory,2026-09-12T07:59:53.684248+00:00
Together AI,Together AI,1.0,EXACT_MATCH,Awesome Generative AI Directory,2026-09-12T07:59:53.684262+00:00
Gitingest,Gitingest,0.9,NEW_CANONICAL,Awesome Generative AI Directory,2026-09-12T07:59:53.686124+00:00
Repomix,Repomix,0.9,NEW_CANONICAL,Awesome Generative AI Directory,2026-09-12T07:59:53.687941+00:00
llama.cpp,Llama.Cpp,0.9,NEW_CANONICAL,Awesome Generative AI Directory,2026-09-12T07:59:53.689774+00:00
bitnet.cpp,Bitnet.Cpp,0.9,NEW_CANONICAL,Awesome Generative AI Directory,2026-09-12T07:59:53.691802+00:00
OpenRouter,OpenRouter,0.9,NEW_CANONICAL,Awesome Generative AI Directory,2026-09-12T07:59:53.693777+00:00
Ludwig,Ludwig,0.9,NEW_CANONICAL,Awesome Generative AI Directory,2026-09-12T07:59:53.695321+00:00
Unsloth,Unsloth,0.9,NEW_CANONICAL,Awesome Generative AI Directory,2026-09-12T07:59:53.696991+00:00
OpenLIT,OpenLIT,0.9,NEW_CANONICAL,Awesome Generative AI Directory,2026-09-12T07:59:53.698913+00:00
Helicone AI,Helicone AI,0.9,NEW_CANONICAL,Awesome Generative AI Directory,2026-09-12T07:59:53.701216+00:00
Wren AI,Wren AI,0.9,NEW_CANONICAL,Awesome Generative AI Directory,2026-09-12T07:59:53.703044+00:00
Cleanlab,Cleanlab,0.9,NEW_CANONICAL,Awesome Generative AI Directory,2026-09-12T07:59:53.705007+00:00
Opik,Opik,0.9,NEW_CANONICAL,Awesome Generative AI Directory,2026-09-12T07:59:53.706315+00:00
MLflow,MLflow,0.9,NEW_CANONICAL,Awesome Generative AI Directory,2026-09-12T07:59:53.707651+00:00
rehydra,Rehydra,0.9,NEW_CANONICAL,Awesome Generative AI Directory,2026-09-12T07:59:53.709387+00:00
Manifest,Manifest,0.9,NEW_CANONICAL,Awesome Generative AI Directory,2026-09-12T07:59:53.711283+00:00
ai-i18n,Ai-I18N,0.9,NEW_CANONICAL,Awesome Generative AI Directory,2026-09-12T07:59:53.712721+00:00
Groq,Groq,1.0,EXACT_MATCH,Awesome Generative AI Directory,2026-09-12T07:59:53.712736+00:00
Model Context Protocol,Model Context Protocol,0.9,NEW_CANONICAL,Awesome Generative AI Directory,2026-09-12T07:59:53.715955+00:00
Steel Browser,Steel Browser,0.9,NEW_CANONICAL,Awesome Generative AI Directory,2026-09-12T07:59:53.718278+00:00
Bifrost,Bifrost,0.9,NEW_CANONICAL,Awesome Generative AI Directory,2026-09-12T07:59:53.720079+00:00
OpenAI Playground,OpenAI Playground,0.9,NEW_CANONICAL,Awesome Generative AI Directory,2026-09-12T07:59:53.722612+00:00
Google AI Studio,Google AI Studio,0.9,NEW_CANONICAL,Awesome Generative AI Directory,2026-09-12T07:59:53.725167+00:00
GitHub Models,GitHub Models,0.9,NEW_CANONICAL,Awesome Generative AI Directory,2026-09-12T07:59:53.727471+00:00
Ollama,Ollama,0.9,NEW_CANONICAL,Awesome Generative AI Directory,2026-09-12T07:59:53.729110+00:00
Open WebUI,Open WebUI,0.9,NEW_CANONICAL,Awesome Generative AI Directory,2026-09-12T07:59:53.731313+00:00
Jan,Jan,0.9,NEW_CANONICAL,Awesome Generative AI Directory,2026-09-12T07:59:53.732514+00:00
Msty,Msty,0.9,NEW_CANONICAL,Awesome Generative AI Directory,2026-09-12T07:59:53.733715+00:00
PyGPT,PyGPT,0.9,NEW_CANONICAL,Awesome Generative AI Directory,2026-09-12T07:59:53.734931+00:00
LLM,Llm,0.9,NEW_CANONICAL,Awesome Generative AI Directory,2026-09-12T07:59:53.735882+00:00
LM Studio,LM Studio,0.9,NEW_CANONICAL,Awesome Generative AI Directory,2026-09-12T07:59:53.737869+00:00
RunThisLLM,RunThisLLM,0.9,NEW_CANONICAL,Awesome Generative AI Directory,2026-09-12T07:59:53.739851+00:00
off-grid-mobile,Off-Grid-Mobile,0.9,NEW_CANONICAL,Awesome Generative AI Directory,2026-09-12T07:59:53.742307+00:00
Rapid-MLX,Rapid-MLX,0.9,NEW_CANONICAL,Awesome Generative AI Directory,2026-09-12T07:59:53.744295+00:00
Auto-GPT,Auto-GPT,0.9,NEW_CANONICAL,Awesome Generative AI Directory,2026-09-12T07:59:53.746221+00:00
babyagi,Babyagi,0.9,NEW_CANONICAL,Awesome Generative AI Directory,2026-09-12T07:59:53.747964+00:00
AgentGPT,AgentGPT,0.9,NEW_CANONICAL,Awesome Generative AI Directory,2026-09-12T07:59:53.749714+00:00
GPT Engineer,GPT Engineer,0.9,NEW_CANONICAL,Awesome Generative AI Directory,2026-09-12T07:59:53.751963+00:00
GPT Prompt Engineer,GPT Prompt Engineer,0.9,NEW_CANONICAL,Awesome Generative AI Directory,2026-09-12T07:59:53.754965+00:00
MetaGPT,MetaGPT,0.9,NEW_CANONICAL,Awesome Generative AI Directory,2026-09-12T07:59:53.756752+00:00
AutoGen,AutoGen,0.9,NEW_CANONICAL,Awesome Generative AI Directory,2026-09-12T07:59:53.758517+00:00
GPT Pilot,GPT Pilot,0.9,NEW_CANONICAL,Awesome Generative AI Directory,2026-09-12T07:59:53.760539+00:00
Devin,Devin,0.9,NEW_CANONICAL,Awesome Generative AI Directory,2026-09-12T07:59:53.762076+00:00
OpenHands,OpenHands,0.9,NEW_CANONICAL,Awesome Generative AI Directory,2026-09-12T07:59:53.764091+00:00
Davika,Davika,0.9,NEW_CANONICAL,Awesome Generative AI Directory,2026-09-12T07:59:53.765716+00:00
n8n,N8N,0.9,NEW_CANONICAL,Awesome Generative AI Directory,2026-09-12T07:59:53.766709+00:00
Sauna,Sauna,0.9,NEW_CANONICAL,Awesome Generative AI Directory,2026-09-12T07:59:53.768277+00:00
Claude Code,Claude Code,0.9,NEW_CANONICAL,Awesome Generative AI Directory,2026-09-12T07:59:53.770551+00:00
Gemini CLI,Gemini CLI,0.9,NEW_CANONICAL,Awesome Generative AI Directory,2026-09-12T07:59:53.772588+00:00
OpenCode,OpenCode,0.9,NEW_CANONICAL,Awesome Generative AI Directory,2026-09-12T07:59:53.774280+00:00
Mastra,Mastra,0.9,NEW_CANONICAL,Awesome Generative AI Directory,2026-09-12T07:59:53.776223+00:00
OpenClaw,OpenClaw,0.9,NEW_CANONICAL,Awesome Generative AI Directory,2026-09-12T07:59:53.778200+00:00
moltbook,Moltbook,0.9,NEW_CANONICAL,Awesome Generative AI Directory,2026-09-12T07:59:53.779825+00:00
AgentMail,AgentMail,0.9,NEW_CANONICAL,Awesome Generative AI Directory,2026-09-12T07:59:53.781866+00:00
Openwork,Openwork,0.9,NEW_CANONICAL,Awesome Generative AI Directory,2026-09-12T07:59:53.783602+00:00
Agent Skills,Agent Skills,0.9,NEW_CANONICAL,Awesome Generative AI Directory,2026-09-12T07:59:53.785869+00:00
PraisonAI,PraisonAI,0.9,NEW_CANONICAL,Awesome Generative AI Directory,2026-09-12T07:59:53.787911+00:00
Hermes Agent,Hermes Agent,0.9,NEW_CANONICAL,Awesome Generative AI Directory,2026-09-12T07:59:53.790278+00:00
OpenAgents,OpenAgents,0.9,NEW_CANONICAL,Awesome Generative AI Directory,2026-09-12T07:59:53.792437+00:00
Dorothy,Dorothy,0.9,NEW_CANONICAL,Awesome Generative AI Directory,2026-09-12T07:59:53.794059+00:00
Hive,Hive,0.9,NEW_CANONICAL,Awesome Generative AI Directory,2026-09-12T07:59:53.795449+00:00
Poe,Poe,0.9,NEW_CANONICAL,Awesome Generative AI Directory,2026-09-12T07:59:53.796639+00:00
GPT Builder,GPT Builder,0.9,NEW_CANONICAL,Awesome Generative AI Directory,2026-09-12T07:59:53.798833+00:00
Make-A-Scene,Make-A-Scene,0.9,NEW_CANONICAL,Awesome Generative AI Directory,2026-09-12T07:59:53.801091+00:00
Flux,Flux,0.9,NEW_CANONICAL,Awesome Generative AI Directory,2026-09-12T07:59:53.802218+00:00
DreamStudio,DreamStudio,0.9,NEW_CANONICAL,Awesome Generative AI Directory,2026-09-12T07:59:53.804531+00:00
Magic Eraser,Magic Eraser,0.9,NEW_CANONICAL,Awesome Generative AI Directory,2026-09-12T07:59:53.807008+00:00
Playground,Playground,0.9,NEW_CANONICAL,Awesome Generative AI Directory,2026-09-12T07:59:53.809038+00:00
modyfi,Modyfi,0.9,NEW_CANONICAL,Awesome Generative AI Directory,2026-09-12T07:59:53.810556+00:00
Photo AI,Photo AI,0.9,NEW_CANONICAL,Awesome Generative AI Directory,2026-09-12T07:59:53.812433+00:00
Ideogram,Ideogram,0.9,NEW_CANONICAL,Awesome Generative AI Directory,2026-09-12T07:59:53.814307+00:00
Bing Image Creator,Bing Image Creator,0.9,NEW_CANONICAL,Awesome Generative AI Directory,2026-09-12T07:59:53.817168+00:00
Nightcafe,Nightcafe,0.9,NEW_CANONICAL,Awesome Generative AI Directory,2026-09-12T07:59:53.819219+00:00
Leonardo AI,Leonardo AI,0.9,NEW_CANONICAL,Awesome Generative AI Directory,2026-09-12T07:59:53.821494+00:00
Recraft,Recraft,0.9,NEW_CANONICAL,Awesome Generative AI Directory,2026-09-12T07:59:53.823303+00:00
Reve Image,Reve Image,0.9,NEW_CANONICAL,Awesome Generative AI Directory,2026-09-12T07:59:53.825505+00:00
Magnific,Magnific,0.9,NEW_CANONICAL,Awesome Generative AI Directory,2026-09-12T07:59:53.827361+00:00
FigureLabs,FigureLabs,0.9,NEW_CANONICAL,Awesome Generative AI Directory,2026-09-12T07:59:53.829393+00:00
PromptHero,PromptHero,0.9,NEW_CANONICAL,Awesome Generative AI Directory,2026-09-12T07:59:53.831433+00:00
DiffusionDB,DiffusionDB,0.9,NEW_CANONICAL,Awesome Generative AI Directory,2026-09-12T07:59:53.833389+00:00
ComfyUI,ComfyUI,0.9,NEW_CANONICAL,Awesome Generative AI Directory,2026-09-12T07:59:53.835016+00:00
Colossyan,Colossyan,0.9,NEW_CANONICAL,Awesome Generative AI Directory,2026-09-12T07:59:53.836942+00:00
Fliki,Fliki,0.9,NEW_CANONICAL,Awesome Generative AI Directory,2026-09-12T07:59:53.838331+00:00
Pictory,Pictory,0.9,NEW_CANONICAL,Awesome Generative AI Directory,2026-09-12T07:59:53.840632+00:00
Pika,Pika,1.0,EXACT_MATCH,Awesome Generative AI Directory,2026-09-12T07:59:53.840669+00:00
HeyGen,HeyGen,0.9,NEW_CANONICAL,Awesome Generative AI Directory,2026-09-12T07:59:53.842264+00:00
Luma Dream Machine,Luma Dream Machine,0.9,NEW_CANONICAL,Awesome Generative AI Directory,2026-09-12T07:59:53.845272+00:00
KLING AI,Kling Ai,0.9,NEW_CANONICAL,Awesome Generative AI Directory,2026-09-12T07:59:53.847149+00:00
Hailuo AI,Hailuo AI,0.9,NEW_CANONICAL,Awesome Generative AI Directory,2026-09-12T07:59:53.849274+00:00
Google Flow,Google Flow,0.9,NEW_CANONICAL,Awesome Generative AI Directory,2026-09-12T07:59:53.851329+00:00
Seedance 2.0,Seedance 2.0,0.9,NEW_CANONICAL,Awesome Generative AI Directory,2026-09-12T07:59:53.853714+00:00
MaxVideoAI,MaxVideoAI,0.9,NEW_CANONICAL,Awesome Generative AI Directory,2026-09-12T07:59:53.856353+00:00
HyperFrames,HyperFrames,0.9,NEW_CANONICAL,Awesome Generative AI Directory,2026-09-12T07:59:53.858595+00:00
Affogato,Affogato,0.9,NEW_CANONICAL,Awesome Generative AI Directory,2026-09-12T07:59:53.860418+00:00
Autodesk Flow Studio,Autodesk Flow Studio,0.9,NEW_CANONICAL,Awesome Generative AI Directory,2026-09-12T07:59:53.863514+00:00
WellSaid,WellSaid,0.9,NEW_CANONICAL,Awesome Generative AI Directory,2026-09-12T07:59:53.865430+00:00
TTS WebUI,TTS WebUI,0.9,NEW_CANONICAL,Awesome Generative AI Directory,2026-09-12T07:59:53.867485+00:00
Whisper,Whisper,0.9,NEW_CANONICAL,Awesome Generative AI Directory,2026-09-12T07:59:53.869211+00:00
Wispr Flow,Wispr Flow,0.9,NEW_CANONICAL,Awesome Generative AI Directory,2026-09-12T07:59:53.871310+00:00
Vibe Transcribe,Vibe Transcribe,0.9,NEW_CANONICAL,Awesome Generative AI Directory,2026-09-12T07:59:53.874013+00:00
whisper.cpp,Whisper.Cpp,0.9,NEW_CANONICAL,Awesome Generative AI Directory,2026-09-12T07:59:53.876171+00:00
whisper-ctranslate2,Whisper-Ctranslate2,0.9,NEW_CANONICAL,Awesome Generative AI Directory,2026-09-12T07:59:53.879162+00:00
NeMo,NeMo,0.9,NEW_CANONICAL,Awesome Generative AI Directory,2026-09-12T07:59:53.880544+00:00
Parakeet,Parakeet,0.9,NEW_CANONICAL,Awesome Generative AI Directory,2026-09-12T07:59:53.882560+00:00
AudioCraft,AudioCraft,0.9,NEW_CANONICAL,Awesome Generative AI Directory,2026-09-12T07:59:53.884644+00:00
Stable Audio,Stable Audio,0.9,NEW_CANONICAL,Awesome Generative AI Directory,2026-09-12T07:59:53.887308+00:00
AIVA,Aiva,0.9,NEW_CANONICAL,Awesome Generative AI Directory,2026-09-12T07:59:53.888639+00:00
Suno AI,Suno,1.0,EXACT_MATCH,Awesome Generative AI Directory,2026-09-12T07:59:53.888657+00:00
Udio,Udio,1.0,EXACT_MATCH,Awesome Generative AI Directory,2026-09-12T07:59:53.888668+00:00
Scale Spellbook,Scale Spellbook,0.9,NEW_CANONICAL,Awesome Generative AI Directory,2026-09-12T07:59:53.891201+00:00
Morpher AI,Morpher AI,0.9,NEW_CANONICAL,Awesome Generative AI Directory,2026-09-12T07:59:53.893363+00:00
Whimsical AI,Whimsical AI,0.9,NEW_CANONICAL,Awesome Generative AI Directory,2026-09-12T07:59:53.895687+00:00
Selfies with Sama,Selfies with Sama,0.9,NEW_CANONICAL,Awesome Generative AI Directory,2026-09-12T07:59:53.898482+00:00
OpenAI Prompt Engineering Guide,OpenAI Prompt Engineering Guide,0.9,NEW_CANONICAL,Awesome Generative AI Directory,2026-09-12T07:59:53.901985+00:00
PromptPerfect,PromptPerfect,0.9,NEW_CANONICAL,Awesome Generative AI Directory,2026-09-12T07:59:53.904629+00:00
Anthropic courses,Anthropic courses,0.9,NEW_CANONICAL,Awesome Generative AI Directory,2026-09-12T07:59:53.907363+00:00
Build a Large Language Model (From Scratch),Build a Large Language Model (From Scratch),0.9,NEW_CANONICAL,Awesome Generative AI Directory,2026-09-12T07:59:53.912081+00:00
Prompt Engineering for Vision Models,Prompt Engineering for Vision Models,0.9,NEW_CANONICAL,Awesome Generative AI Directory,2026-09-12T07:59:53.916467+00:00
Build a Reasoning Model (From Scratch),Build a Reasoning Model (From Scratch),0.9,NEW_CANONICAL,Awesome Generative AI Directory,2026-09-12T07:59:53.920680+00:00
Build an AI Agent (From Scratch),Build an AI Agent (From Scratch),0.9,NEW_CANONICAL,Awesome Generative AI Directory,2026-09-12T07:59:53.924448+00:00
Build a DeepSeek Model (From Scratch),Build a DeepSeek Model (From Scratch),0.9,NEW_CANONICAL,Awesome Generative AI Directory,2026-09-12T07:59:53.928619+00:00
AI Governance,AI Governance,0.9,NEW_CANONICAL,Awesome Generative AI Directory,2026-09-12T07:59:53.930719+00:00
AnimatedLLM,AnimatedLLM,0.9,NEW_CANONICAL,Awesome Generative AI Directory,2026-09-12T07:59:53.932761+00:00
Transformer Explainer,Transformer Explainer,0.9,NEW_CANONICAL,Awesome Generative AI Directory,2026-09-12T07:59:53.936140+00:00
Tools and Resources for AI Art,Tools and Resources for AI Art,0.9,NEW_CANONICAL,Awesome Generative AI Directory,2026-09-12T07:59:53.940043+00:00
The Generative AI Application Landscape,The Generative AI Application Landscape,0.9,NEW_CANONICAL,Awesome Generative AI Directory,2026-09-12T07:59:53.944254+00:00
Startups,Startups,0.9,NEW_CANONICAL,Awesome Generative AI Directory,2026-09-12T07:59:53.946049+00:00
The Generative AI Index,The Generative AI Index,0.9,NEW_CANONICAL,Awesome Generative AI Directory,2026-09-12T07:59:53.949255+00:00
Generative AI for Games,Generative AI for Games,0.9,NEW_CANONICAL,Awesome Generative AI Directory,2026-09-12T07:59:53.952365+00:00
Generative Deep Art,Generative Deep Art,0.9,NEW_CANONICAL,Awesome Generative AI Directory,2026-09-12T07:59:53.955370+00:00
GPT-3 Demo,GPT-3 Demo,0.9,NEW_CANONICAL,Awesome Generative AI Directory,2026-09-12T07:59:53.957314+00:00
GPT-4 Demo,GPT-4 Demo,0.9,NEW_CANONICAL,Awesome Generative AI Directory,2026-09-12T07:59:53.959268+00:00
The Generative AI Landscape,The Generative AI Landscape,0.9,NEW_CANONICAL,Awesome Generative AI Directory,2026-09-12T07:59:53.962649+00:00
Molecular design,Molecular design,0.9,NEW_CANONICAL,Awesome Generative AI Directory,2026-09-12T07:59:53.965567+00:00
Open LLMs,Open LLMs,0.9,NEW_CANONICAL,Awesome Generative AI Directory,2026-09-12T07:59:53.967473+00:00
Awesome Music AI,Awesome Music AI,0.9,NEW_CANONICAL,Awesome Generative AI Directory,2026-09-12T07:59:53.970233+00:00
Awesome AI Market Maps,Awesome AI Market Maps,0.9,NEW_CANONICAL,Awesome Generative AI Directory,2026-09-12T07:59:53.973249+00:00
Awesome RAG Production,Awesome RAG Production,0.9,NEW_CANONICAL,Awesome Generative AI Directory,2026-09-12T07:59:53.976579+00:00
Awesome ChatGPT,Awesome ChatGPT,0.9,NEW_CANONICAL,Awesome Generative AI Directory,2026-09-12T07:59:53.979136+00:00
Awesome ChatGPT Prompts,Awesome ChatGPT Prompts,0.9,NEW_CANONICAL,Awesome Generative AI Directory,2026-09-12T07:59:53.982318+00:00
FlowGPT,FlowGPT,0.9,NEW_CANONICAL,Awesome Generative AI Directory,2026-09-12T07:59:53.983893+00:00
ChatGPT Prompts for Data Science,ChatGPT Prompts for Data Science,0.9,NEW_CANONICAL,Awesome Generative AI Directory,2026-09-12T07:59:53.988971+00:00
Awesome ChatGPT,Awesome ChatGPT,0.9,NEW_CANONICAL,Awesome Generative AI Directory,2026-09-12T07:59:53.991739+00:00
DeepMark,DeepMark,0.9,NEW_CANONICAL,Y Combinator Product Directory,2026-09-12T07:59:53.993711+00:00
Maritime,Maritime,0.9,NEW_CANONICAL,Y Combinator Product Directory,2026-09-12T07:59:53.995727+00:00
Redoubt Insurance,Redoubt Insurance,0.9,NEW_CANONICAL,Y Combinator Product Directory,2026-09-12T07:59:53.998688+00:00
The Agentic Data Co.,The Agentic Data,0.9,NEW_CANONICAL,Y Combinator Product Directory,2026-09-12T07:59:54.001381+00:00
Frontrunner,Frontrunner,0.9,NEW_CANONICAL,Y Combinator Product Directory,2026-09-12T07:59:54.003658+00:00
The Subvocal Company,The Subvocal,0.9,NEW_CANONICAL,Y Combinator Product Directory,2026-09-12T07:59:54.006089+00:00
Quippy,Quippy,0.9,NEW_CANONICAL,Y Combinator Product Directory,2026-09-12T07:59:54.007630+00:00
Sona8,Sona8,0.9,NEW_CANONICAL,Y Combinator Product Directory,2026-09-12T07:59:54.009267+00:00
Sinter,Sinter,0.9,NEW_CANONICAL,Y Combinator Product Directory,2026-09-12T07:59:54.010938+00:00
Vyra,Vyra,0.9,NEW_CANONICAL,Y Combinator Product Directory,2026-09-12T07:59:54.012287+00:00
antimattr,Antimattr,0.9,NEW_CANONICAL,Y Combinator Product Directory,2026-09-12T07:59:54.014295+00:00
Hesper AI,Hesper AI,0.9,NEW_CANONICAL,Y Combinator Product Directory,2026-09-12T07:59:54.016416+00:00
Covera,Covera,0.9,NEW_CANONICAL,Y Combinator Product Directory,2026-09-12T07:59:54.018216+00:00
Halmos Labs,Halmos,0.9,NEW_CANONICAL,Y Combinator Product Directory,2026-09-12T07:59:54.019946+00:00
Dreamscale Labs,Dreamscale,0.9,NEW_CANONICAL,Y Combinator Product Directory,2026-09-12T07:59:54.022245+00:00
Vorelios,Vorelios,0.9,NEW_CANONICAL,Y Combinator Product Directory,2026-09-12T07:59:54.024297+00:00
SuperRadiant,SuperRadiant,0.9,NEW_CANONICAL,Y Combinator Product Directory,2026-09-12T07:59:54.026827+00:00
Orca Aerospace,Orca Aerospace,0.9,NEW_CANONICAL,Y Combinator Product Directory,2026-09-12T07:59:54.029669+00:00
Hemlock,Hemlock,0.9,NEW_CANONICAL,Y Combinator Product Directory,2026-09-12T07:59:54.031476+00:00
ORO AI,Oro Ai,0.9,NEW_CANONICAL,Y Combinator Product Directory,2026-09-12T07:59:54.033228+00:00
Deploy,Deploy,0.9,NEW_CANONICAL,Y Combinator Product Directory,2026-09-12T07:59:54.034867+00:00
Shepherd Robotics,Shepherd Robotics,0.9,NEW_CANONICAL,Y Combinator Product Directory,2026-09-12T07:59:54.037919+00:00
Workers IO,Workers IO,0.9,NEW_CANONICAL,Y Combinator Product Directory,2026-09-12T07:59:54.040239+00:00
Antropi Robotics,Antropi Robotics,0.9,NEW_CANONICAL,Y Combinator Product Directory,2026-09-12T07:59:54.042988+00:00
ByteAsk,ByteAsk,0.9,NEW_CANONICAL,Y Combinator Product Directory,2026-09-12T07:59:54.045029+00:00
Hopper,Hopper,0.9,NEW_CANONICAL,Y Combinator Product Directory,2026-09-12T07:59:54.046885+00:00
Asakana,Asakana,0.9,NEW_CANONICAL,Y Combinator Product Directory,2026-09-12T07:59:54.048658+00:00
OnePatch,OnePatch,0.9,NEW_CANONICAL,Y Combinator Product Directory,2026-09-12T07:59:54.050739+00:00
Mirrors,Mirrors,0.9,NEW_CANONICAL,Y Combinator Product Directory,2026-09-12T07:59:54.052516+00:00
Nodus Compute,Nodus Compute,0.9,NEW_CANONICAL,Y Combinator Product Directory,2026-09-12T07:59:54.055024+00:00
Micora,Micora,0.9,NEW_CANONICAL,Y Combinator Product Directory,2026-09-12T07:59:54.056786+00:00
Lantern AI,Lantern AI,0.9,NEW_CANONICAL,Y Combinator Product Directory,2026-09-12T07:59:54.058998+00:00
Talos,Talos,0.9,NEW_CANONICAL,Y Combinator Product Directory,2026-09-12T07:59:54.060777+00:00
Forward,Forward,0.9,NEW_CANONICAL,Y Combinator Product Directory,2026-09-12T07:59:54.062696+00:00
Capveon,Capveon,0.9,NEW_CANONICAL,Y Combinator Product Directory,2026-09-12T07:59:54.064653+00:00
Ascii,Ascii,0.9,NEW_CANONICAL,Y Combinator Product Directory,2026-09-12T07:59:54.066289+00:00
Sigma,Sigma,0.9,NEW_CANONICAL,Y Combinator Product Directory,2026-09-12T07:59:54.067848+00:00
Qokedas,Qokedas,0.9,NEW_CANONICAL,Y Combinator Product Directory,2026-09-12T07:59:54.069816+00:00
Veeza AI,Veeza AI,0.9,NEW_CANONICAL,Y Combinator Product Directory,2026-09-12T07:59:54.071994+00:00
Simulithic,Simulithic,0.9,NEW_CANONICAL,Y Combinator Product Directory,2026-09-12T07:59:54.073999+00:00
Sentient OS,Sentient OS,0.9,NEW_CANONICAL,Y Combinator Product Directory,2026-09-12T07:59:54.077003+00:00
herdr,Herdr,0.9,NEW_CANONICAL,Y Combinator Product Directory,2026-09-12T07:59:54.079758+00:00
Lambda Robotics,Lambda Robotics,0.9,NEW_CANONICAL,Y Combinator Product Directory,2026-09-12T07:59:54.082475+00:00
OpenTag,OpenTag,0.9,NEW_CANONICAL,Y Combinator Product Directory,2026-09-12T07:59:54.084479+00:00
Conifer,Conifer,0.9,NEW_CANONICAL,Y Combinator Product Directory,2026-09-12T07:59:54.086737+00:00
Simantic,Simantic,0.9,NEW_CANONICAL,Y Combinator Product Directory,2026-09-12T07:59:54.088834+00:00
Experiential Labs,Experiential,0.9,NEW_CANONICAL,Y Combinator Product Directory,2026-09-12T07:59:54.091298+00:00
Edviro,Edviro,0.9,NEW_CANONICAL,Y Combinator Product Directory,2026-09-12T07:59:54.093158+00:00
Lightfield,Lightfield,0.9,NEW_CANONICAL,Y Combinator Product Directory,2026-09-12T07:59:54.095201+00:00
CoArena,CoArena,0.9,NEW_CANONICAL,Y Combinator Product Directory,2026-09-12T07:59:54.097242+00:00
Caution,Caution,0.9,NEW_CANONICAL,Y Combinator Product Directory,2026-09-12T07:59:54.099186+00:00
Magma,Magma,0.9,NEW_CANONICAL,Y Combinator Product Directory,2026-09-12T07:59:54.100715+00:00
Atomarine,Atomarine,0.9,NEW_CANONICAL,Y Combinator Product Directory,2026-09-12T07:59:54.102959+00:00
Billow AI Labs,Billow AI,0.9,NEW_CANONICAL,Y Combinator Product Directory,2026-09-12T07:59:54.105424+00:00
hardware intelligence,Hardware Intelligence,0.9,NEW_CANONICAL,Y Combinator Product Directory,2026-09-12T07:59:54.108963+00:00
Osseus,Osseus,0.9,NEW_CANONICAL,Y Combinator Product Directory,2026-09-12T07:59:54.110720+00:00
Allia Health,Allia Health,0.9,NEW_CANONICAL,Y Combinator Product Directory,2026-09-12T07:59:54.113086+00:00
Salem Robotics Inc,Salem Robotics,0.9,NEW_CANONICAL,Y Combinator Product Directory,2026-09-12T07:59:54.115894+00:00
Robocurve,Robocurve,0.9,NEW_CANONICAL,Y Combinator Product Directory,2026-09-12T07:59:54.117824+00:00
hiloop,Hiloop,0.9,NEW_CANONICAL,Y Combinator Product Directory,2026-09-12T07:59:54.119421+00:00
CueBench,CueBench,0.9,NEW_CANONICAL,Y Combinator Product Directory,2026-09-12T07:59:54.121309+00:00
Dawn Industries,Dawn Industries,0.9,NEW_CANONICAL,Y Combinator Product Directory,2026-09-12T07:59:54.124056+00:00
Nex,Nex,0.9,NEW_CANONICAL,Y Combinator Product Directory,2026-09-12T07:59:54.125289+00:00
OneCLI,OneCLI,0.9,NEW_CANONICAL,Y Combinator Product Directory,2026-09-12T07:59:54.127077+00:00
"Vernius Systems, Inc.",Vernius,0.9,NEW_CANONICAL,Y Combinator Product Directory,2026-09-12T07:59:54.128997+00:00
Wondering,Wondering,0.9,NEW_CANONICAL,Y Combinator Product Directory,2026-09-12T07:59:54.131021+00:00
Tracer,Tracer,0.9,NEW_CANONICAL,Y Combinator Product Directory,2026-09-12T07:59:54.132747+00:00
Avoca Systems,Avoca,0.9,NEW_CANONICAL,Y Combinator Product Directory,2026-09-12T07:59:54.134272+00:00
SubVysion,SubVysion,0.9,NEW_CANONICAL,Y Combinator Product Directory,2026-09-12T07:59:54.136189+00:00
Ethos Space Resources,Ethos Space Resources,0.9,NEW_CANONICAL,Y Combinator Product Directory,2026-09-12T07:59:54.139929+00:00
"SpaceFlow Technologies, Inc.",SpaceFlow,0.9,NEW_CANONICAL,Y Combinator Product Directory,2026-09-12T07:59:54.142135+00:00
Petrarch,Petrarch,0.9,NEW_CANONICAL,Y Combinator Product Directory,2026-09-12T07:59:54.144307+00:00
Locke,Locke,0.9,NEW_CANONICAL,Y Combinator Product Directory,2026-09-12T07:59:54.146023+00:00
Florin,Florin,0.9,NEW_CANONICAL,Y Combinator Product Directory,2026-09-12T07:59:54.147923+00:00
Earendil Robotics,Earendil Robotics,0.9,NEW_CANONICAL,Y Combinator Product Directory,2026-09-12T07:59:54.151012+00:00
Hebbian Robotics,Hebbian Robotics,0.9,NEW_CANONICAL,Y Combinator Product Directory,2026-09-12T07:59:54.154646+00:00
PRINCEPS,Princeps,0.9,NEW_CANONICAL,Y Combinator Product Directory,2026-09-12T07:59:54.156847+00:00
Hop Aero,Hop Aero,0.9,NEW_CANONICAL,Y Combinator Product Directory,2026-09-12T07:59:54.158877+00:00
Agent FM,Agent FM,0.9,NEW_CANONICAL,Y Combinator Product Directory,2026-09-12T07:59:54.160999+00:00
OpenRelay,OpenRelay,0.9,NEW_CANONICAL,Y Combinator Product Directory,2026-09-12T07:59:54.163595+00:00
Dock,Dock,0.9,NEW_CANONICAL,Y Combinator Product Directory,2026-09-12T07:59:54.164980+00:00
Verdict Machine,Verdict Machine,0.9,NEW_CANONICAL,Y Combinator Product Directory,2026-09-12T07:59:54.167963+00:00
TovenAI,TovenAI,0.9,NEW_CANONICAL,Y Combinator Product Directory,2026-09-12T07:59:54.170250+00:00
HyperProbe,HyperProbe,0.9,NEW_CANONICAL,Y Combinator Product Directory,2026-09-12T07:59:54.172777+00:00
Grip,Grip,0.9,NEW_CANONICAL,Y Combinator Product Directory,2026-09-12T07:59:54.174365+00:00
Skymerse,Skymerse,0.9,NEW_CANONICAL,Y Combinator Product Directory,2026-09-12T07:59:54.176311+00:00
Hubble,Hubble,0.9,NEW_CANONICAL,Y Combinator Product Directory,2026-09-12T07:59:54.177908+00:00
Palisade,Palisade,0.9,NEW_CANONICAL,Y Combinator Product Directory,2026-09-12T07:59:54.180107+00:00
83 Sciences,83 Sciences,0.9,NEW_CANONICAL,Y Combinator Product Directory,2026-09-12T07:59:54.182347+00:00
Chromie,Chromie,0.9,NEW_CANONICAL,Y Combinator Product Directory,2026-09-12T07:59:54.184361+00:00
Lamb Labs,Lambda Labs,0.8,FUZZY_TOKEN_SET,Y Combinator Product Directory,2026-09-12T07:59:54.185699+00:00
Shiraz AI,Shiraz AI,0.9,NEW_CANONICAL,Y Combinator Product Directory,2026-09-12T07:59:54.188633+00:00
Mireye,Mireye,0.9,NEW_CANONICAL,Y Combinator Product Directory,2026-09-12T07:59:54.190448+00:00
Touchy,Touchy,0.9,NEW_CANONICAL,Y Combinator Product Directory,2026-09-12T07:59:54.192041+00:00
Derya,Derya,0.9,NEW_CANONICAL,Y Combinator Product Directory,2026-09-12T07:59:54.193751+00:00
Pennant,Pennant,0.9,NEW_CANONICAL,Y Combinator Product Directory,2026-09-12T07:59:54.195739+00:00
Decawork,Decawork,0.9,NEW_CANONICAL,Y Combinator Product Directory,2026-09-12T07:59:54.197832+00:00
CarSignal,CarSignal,0.9,NEW_CANONICAL,Y Combinator Product Directory,2026-09-12T07:59:54.200168+00:00
Axelrod,Axelrod,0.9,NEW_CANONICAL,Y Combinator Product Directory,2026-09-12T07:59:54.202076+00:00
Levocred AI,Levocred AI,0.9,NEW_CANONICAL,Y Combinator Product Directory,2026-09-12T07:59:54.206168+00:00
Praxis Robotics,Praxis Robotics,0.9,NEW_CANONICAL,Y Combinator Product Directory,2026-09-12T07:59:54.209468+00:00
Care GP,Care GP,0.9,NEW_CANONICAL,Y Combinator Product Directory,2026-09-12T07:59:54.211602+00:00
Radley,Radley,0.9,NEW_CANONICAL,Y Combinator Product Directory,2026-09-12T07:59:54.213540+00:00
Agnost AI,Agnost AI,0.9,NEW_CANONICAL,Y Combinator Product Directory,2026-09-12T07:59:54.215759+00:00
Agentcard,Agentcard,0.9,NEW_CANONICAL,Y Combinator Product Directory,2026-09-12T07:59:54.218008+00:00
ProvenMetal,ProvenMetal,0.9,NEW_CANONICAL,Y Combinator Product Directory,2026-09-12T07:59:54.221077+00:00
Gamgee,Gamgee,0.9,NEW_CANONICAL,Y Combinator Product Directory,2026-09-12T07:59:54.223028+00:00
Inkbox,Inkbox,0.9,NEW_CANONICAL,Y Combinator Product Directory,2026-09-12T07:59:54.224721+00:00
Cosmic Robotics,Cosmic Robotics,0.9,NEW_CANONICAL,Y Combinator Product Directory,2026-09-12T07:59:54.227635+00:00
Markov,Markov,0.9,NEW_CANONICAL,Y Combinator Product Directory,2026-09-12T07:59:54.229351+00:00
Familiar,Familiar,0.9,NEW_CANONICAL,Y Combinator Product Directory,2026-09-12T07:59:54.231434+00:00
Lumeria,Lumeria,0.9,NEW_CANONICAL,Y Combinator Product Directory,2026-09-12T07:59:54.233539+00:00
Marengo,Marengo,0.9,NEW_CANONICAL,Y Combinator Product Directory,2026-09-12T07:59:54.235468+00:00
RonanRx Inc.,RonanRx,0.9,NEW_CANONICAL,Y Combinator Product Directory,2026-09-12T07:59:54.237587+00:00
Waybill,Waybill,0.9,NEW_CANONICAL,Y Combinator Product Directory,2026-09-12T07:59:54.239468+00:00
Executor,Executor,0.9,NEW_CANONICAL,Y Combinator Product Directory,2026-09-12T07:59:54.241455+00:00
Last Accounting Company,Last Accounting,0.9,NEW_CANONICAL,Y Combinator Product Directory,2026-09-12T07:59:54.244342+00:00
Pacific,Pacific,0.9,NEW_CANONICAL,Y Combinator Product Directory,2026-09-12T07:59:54.246369+00:00
Luca IQ,Luca IQ,0.9,NEW_CANONICAL,Y Combinator Product Directory,2026-09-12T07:59:54.248443+00:00
Financial Datasets,Financial Datasets,0.9,NEW_CANONICAL,Y Combinator Product Directory,2026-09-12T07:59:54.251783+00:00
TryNearby,TryNearby,0.9,NEW_CANONICAL,Y Combinator Product Directory,2026-09-12T07:59:54.254166+00:00
Computable,Computable,0.9,NEW_CANONICAL,Y Combinator Product Directory,2026-09-12T07:59:54.256632+00:00
Denta,Denta,0.9,NEW_CANONICAL,Y Combinator Product Directory,2026-09-12T07:59:54.258433+00:00
Isengard Industries Inc,Isengard Industries,0.9,NEW_CANONICAL,Y Combinator Product Directory,2026-09-12T07:59:54.261687+00:00
Ekho Labs,Ekho,0.9,NEW_CANONICAL,Y Combinator Product Directory,2026-09-12T07:59:54.263062+00:00
Moving Atoms,Moving Atoms,0.9,NEW_CANONICAL,Y Combinator Product Directory,2026-09-12T07:59:54.266066+00:00
Vestris,Vestris,0.9,NEW_CANONICAL,Y Combinator Product Directory,2026-09-12T07:59:54.268206+00:00
Ultrasonium,Ultrasonium,0.9,NEW_CANONICAL,Y Combinator Product Directory,2026-09-12T07:59:54.271827+00:00
Arbital,Arbital,0.9,NEW_CANONICAL,Y Combinator Product Directory,2026-09-12T07:59:54.273861+00:00
PokerClubHub,PokerClubHub,0.9,NEW_CANONICAL,Y Combinator Product Directory,2026-09-12T07:59:54.278699+00:00
Neuron Industries,Neuron Industries,0.9,NEW_CANONICAL,Y Combinator Product Directory,2026-09-12T07:59:54.282336+00:00
Neuromorphic,Neuromorphic,0.9,NEW_CANONICAL,Y Combinator Product Directory,2026-09-12T07:59:54.285015+00:00
LATO,Lato,0.9,NEW_CANONICAL,Y Combinator Product Directory,2026-09-12T07:59:54.286681+00:00
Risklytics,Risklytics,0.9,NEW_CANONICAL,Y Combinator Product Directory,2026-09-12T07:59:54.289054+00:00
Daqstra,Daqstra,0.9,NEW_CANONICAL,Y Combinator Product Directory,2026-09-12T07:59:54.291027+00:00
Tenor,Tenor,0.9,NEW_CANONICAL,Y Combinator Product Directory,2026-09-12T07:59:54.292661+00:00
Qlo,Qlo,0.9,NEW_CANONICAL,Y Combinator Product Directory,2026-09-12T07:59:54.293849+00:00
Fabraix,Fabraix,0.9,NEW_CANONICAL,Y Combinator Product Directory,2026-09-12T07:59:54.295812+00:00
Omanta,Omanta,0.9,NEW_CANONICAL,Y Combinator Product Directory,2026-09-12T07:59:54.297965+00:00
Rational,Rational,0.9,NEW_CANONICAL,Y Combinator Product Directory,2026-09-12T07:59:54.300239+00:00
Aktoria Robotics,Aktoria Robotics,0.9,NEW_CANONICAL,Y Combinator Product Directory,2026-09-12T07:59:54.303577+00:00
Vendo,Vendo,0.9,NEW_CANONICAL,Y Combinator Product Directory,2026-09-12T07:59:54.305507+00:00
Akon Labs,Akon,0.9,NEW_CANONICAL,Y Combinator Product Directory,2026-09-12T07:59:54.306953+00:00
Click,Click,0.9,NEW_CANONICAL,Y Combinator Product Directory,2026-09-12T07:59:54.308568+00:00
Whitespace,Whitespace,0.9,NEW_CANONICAL,Y Combinator Product Directory,2026-09-12T07:59:54.311018+00:00
Almanac,Almanac,0.9,NEW_CANONICAL,Y Combinator Product Directory,2026-09-12T07:59:54.313162+00:00
TareBio,TareBio,0.9,NEW_CANONICAL,Y Combinator Product Directory,2026-09-12T07:59:54.315282+00:00
Greypoint Industries,Greypoint Industries,0.9,NEW_CANONICAL,Y Combinator Product Directory,2026-09-12T07:59:54.318769+00:00
Hilstart,Hilstart,0.9,NEW_CANONICAL,Y Combinator Product Directory,2026-09-12T07:59:54.320910+00:00
Aerogen Systems,Aerogen,0.9,NEW_CANONICAL,Y Combinator Product Directory,2026-09-12T07:59:54.322843+00:00
Graphify Labs,Graphify,0.9,NEW_CANONICAL,Y Combinator Product Directory,2026-09-12T07:59:54.324990+00:00
Ooak Data,Ooak Data,0.9,NEW_CANONICAL,Y Combinator Product Directory,2026-09-12T07:59:54.327219+00:00
Nori,Nori,0.9,NEW_CANONICAL,Y Combinator Product Directory,2026-09-12T07:59:54.329066+00:00
6thSense,6thSense,0.9,NEW_CANONICAL,Y Combinator Product Directory,2026-09-12T07:59:54.331333+00:00
Bloomy,Bloomy,0.9,NEW_CANONICAL,Y Combinator Product Directory,2026-09-12T07:59:54.333095+00:00
machine0,Machine0,0.9,NEW_CANONICAL,Y Combinator Product Directory,2026-09-12T07:59:54.335261+00:00
Pluto,Pluto,0.9,NEW_CANONICAL,Y Combinator Product Directory,2026-09-12T07:59:54.336956+00:00
FlowManual,FlowManual,0.9,NEW_CANONICAL,Y Combinator Product Directory,2026-09-12T07:59:54.339898+00:00
Elite,Elite,0.9,NEW_CANONICAL,Y Combinator Product Directory,2026-09-12T07:59:54.341606+00:00
Peer,Peer,0.9,NEW_CANONICAL,Y Combinator Product Directory,2026-09-12T07:59:54.343132+00:00
Molagri,Molagri,0.9,NEW_CANONICAL,Y Combinator Product Directory,2026-09-12T07:59:54.345313+00:00
Cerenovus,Cerenovus,0.9,NEW_CANONICAL,Y Combinator Product Directory,2026-09-12T07:59:54.347416+00:00
Agency Tool Company,Agency Tool,0.9,NEW_CANONICAL,Y Combinator Product Directory,2026-09-12T07:59:54.349840+00:00
Standard Machines,Standard Machines,0.9,NEW_CANONICAL,Y Combinator Product Directory,2026-09-12T07:59:54.352922+00:00
EdotEnv,EdotEnv,0.9,NEW_CANONICAL,Y Combinator Product Directory,2026-09-12T07:59:54.354826+00:00
Traceforce,Traceforce,0.9,NEW_CANONICAL,Y Combinator Product Directory,2026-09-12T07:59:54.357115+00:00
Veltha,Veltha,0.9,NEW_CANONICAL,Y Combinator Product Directory,2026-09-12T07:59:54.358948+00:00
Tarifflo Inc.,Tarifflo,0.9,NEW_CANONICAL,Y Combinator Product Directory,2026-09-12T07:59:54.360989+00:00
Callbook AI,Callbook AI,0.9,NEW_CANONICAL,Y Combinator Product Directory,2026-09-12T07:59:54.363407+00:00
Definite,Definite,0.9,NEW_CANONICAL,Y Combinator Product Directory,2026-09-12T07:59:54.365582+00:00
Alkera AI,Alkera AI,0.9,NEW_CANONICAL,Y Combinator Product Directory,2026-09-12T07:59:54.367825+00:00
Rasyn,Rasyn,0.9,NEW_CANONICAL,Y Combinator Product Directory,2026-09-12T07:59:54.369514+00:00
Manifold,Manifold,0.9,NEW_CANONICAL,Y Combinator Product Directory,2026-09-12T07:59:54.371565+00:00
screenpipe,Screenpipe,0.9,NEW_CANONICAL,Y Combinator Product Directory,2026-09-12T07:59:54.373978+00:00
Spectre Intelligence,Spectre Intelligence,0.9,NEW_CANONICAL,Y Combinator Product Directory,2026-09-12T07:59:54.377477+00:00
Zaplar,Zaplar,0.9,NEW_CANONICAL,Y Combinator Product Directory,2026-09-12T07:59:54.379338+00:00
Prodigy Research,Prodigy Research,0.9,NEW_CANONICAL,Y Combinator Product Directory,2026-09-12T07:59:54.382284+00:00
Touchmark,Touchmark,0.9,NEW_CANONICAL,Y Combinator Product Directory,2026-09-12T07:59:54.384361+00:00
Exosat,Exosat,0.9,NEW_CANONICAL,Y Combinator Product Directory,2026-09-12T07:59:54.386172+00:00
Codag,Codag,0.9,NEW_CANONICAL,Y Combinator Product Directory,2026-09-12T07:59:54.387862+00:00
Context.dev,Context.dev,0.9,NEW_CANONICAL,Y Combinator Product Directory,2026-09-12T07:59:54.390371+00:00
Glen,Glean,0.89,FUZZY_TOKEN_SET,Y Combinator Product Directory,2026-09-12T07:59:54.391843+00:00
Stoa,Stoa,0.9,NEW_CANONICAL,Y Combinator Product Directory,2026-09-12T07:59:54.393380+00:00
Marble,Marble,0.9,NEW_CANONICAL,Y Combinator Product Directory,2026-09-12T07:59:54.395148+00:00
Audun,Audun,0.9,NEW_CANONICAL,Y Combinator Product Directory,2026-09-12T07:59:54.396567+00:00
Grocalo,Grocalo,0.9,NEW_CANONICAL,Y Combinator Product Directory,2026-09-12T07:59:54.398624+00:00
COACH,Coach,0.9,NEW_CANONICAL,Y Combinator Product Directory,2026-09-12T07:59:54.400316+00:00
DeepReach Inc.,DeepReach,0.9,NEW_CANONICAL,Y Combinator Product Directory,2026-09-12T07:59:54.402542+00:00
Mochi,Mochi,0.9,NEW_CANONICAL,Y Combinator Product Directory,2026-09-12T07:59:54.404212+00:00
Alloovium,Alloovium,0.9,NEW_CANONICAL,Y Combinator Product Directory,2026-09-12T07:59:54.406182+00:00
Dialogus,Dialogus,0.9,NEW_CANONICAL,Y Combinator Product Directory,2026-09-12T07:59:54.408061+00:00
Mosaic,Mosaic,0.9,NEW_CANONICAL,Y Combinator Product Directory,2026-09-12T07:59:54.409787+00:00
Bizmark,Bizmark,0.9,NEW_CANONICAL,Y Combinator Product Directory,2026-09-12T07:59:54.411721+00:00
Riften,Riften,0.9,NEW_CANONICAL,Y Combinator Product Directory,2026-09-12T07:59:54.413709+00:00
Buildbox,Buildbox,0.9,NEW_CANONICAL,Y Combinator Product Directory,2026-09-12T07:59:54.415581+00:00
RealPact,RealPact,0.9,NEW_CANONICAL,Y Combinator Product Directory,2026-09-12T07:59:54.417733+00:00
GUILD,Guild,0.9,NEW_CANONICAL,Y Combinator Product Directory,2026-09-12T07:59:54.419296+00:00
Floracene,Floracene,0.9,NEW_CANONICAL,Y Combinator Product Directory,2026-09-12T07:59:54.421694+00:00
Rise Reforming,Rise Reforming,0.9,NEW_CANONICAL,Y Combinator Product Directory,2026-09-12T07:59:54.424626+00:00
Lyon,Lyon,0.9,NEW_CANONICAL,Y Combinator Product Directory,2026-09-12T07:59:54.426022+00:00
Instaplay,Instaplay,0.9,NEW_CANONICAL,Y Combinator Product Directory,2026-09-12T07:59:54.428113+00:00
Verdant,Verdant,0.9,NEW_CANONICAL,Y Combinator Product Directory,2026-09-12T07:59:54.430096+00:00
IMPACT Drones,IMPACT Drones,0.9,NEW_CANONICAL,Y Combinator Product Directory,2026-09-12T07:59:54.432720+00:00
Insurf,Insurf,0.9,NEW_CANONICAL,Y Combinator Product Directory,2026-09-12T07:59:54.434344+00:00
Jcode,Jcode,0.9,NEW_CANONICAL,Y Combinator Product Directory,2026-09-12T07:59:54.435843+00:00
LemonLime,LemonLime,0.9,NEW_CANONICAL,Y Combinator Product Directory,2026-09-12T07:59:54.438405+00:00
Gutgutgoose,Gutgutgoose,0.9,NEW_CANONICAL,Y Combinator Product Directory,2026-09-12T07:59:54.440508+00:00
Speko,Speko,0.9,NEW_CANONICAL,Y Combinator Product Directory,2026-09-12T07:59:54.442098+00:00
Synapse Semiconductor,Synapse Semiconductor,0.9,NEW_CANONICAL,Y Combinator Product Directory,2026-09-12T07:59:54.445525+00:00
Orchestra,Orchestra,0.9,NEW_CANONICAL,Y Combinator Product Directory,2026-09-12T07:59:54.447724+00:00
Rote,Rote,0.9,NEW_CANONICAL,Y Combinator Product Directory,2026-09-12T07:59:54.449225+00:00
Prized,Prized,0.9,NEW_CANONICAL,Y Combinator Product Directory,2026-09-12T07:59:54.451088+00:00
Studio,Udio,0.8,FUZZY_TOKEN_SET,Y Combinator Product Directory,2026-09-12T07:59:54.452892+00:00
Bernard,Bernard,0.9,NEW_CANONICAL,Y Combinator Product Directory,2026-09-12T07:59:54.454863+00:00
Maingen,Maingen,0.9,NEW_CANONICAL,Y Combinator Product Directory,2026-09-12T07:59:54.456642+00:00
Enact,Enact,0.9,NEW_CANONICAL,Y Combinator Product Directory,2026-09-12T07:59:54.458335+00:00
Rex,Rex,0.9,NEW_CANONICAL,Y Combinator Product Directory,2026-09-12T07:59:54.459593+00:00
Zomma,Zomma,0.9,NEW_CANONICAL,Y Combinator Product Directory,2026-09-12T07:59:54.461081+00:00
Nebula Security,Nebula Security,0.9,NEW_CANONICAL,Y Combinator Product Directory,2026-09-12T07:59:54.463910+00:00
Kara,Kara,0.9,NEW_CANONICAL,Y Combinator Product Directory,2026-09-12T07:59:54.465425+00:00
Palisade,Palisade,0.9,NEW_CANONICAL,Y Combinator Product Directory,2026-09-12T07:59:54.467566+00:00
Trope,Trope,0.9,NEW_CANONICAL,Y Combinator Product Directory,2026-09-12T07:59:54.469580+00:00
Parasma,Parasma,0.9,NEW_CANONICAL,Y Combinator Product Directory,2026-09-12T07:59:54.472058+00:00
Belvedir,Belvedir,0.9,NEW_CANONICAL,Y Combinator Product Directory,2026-09-12T07:59:54.474734+00:00
Shielded,Shielded,0.9,NEW_CANONICAL,Y Combinator Product Directory,2026-09-12T07:59:54.476977+00:00
Olam Labs,Olam,0.9,NEW_CANONICAL,Y Combinator Product Directory,2026-09-12T07:59:54.478553+00:00
Egoist Machines,Egoist Machines,0.9,NEW_CANONICAL,Y Combinator Product Directory,2026-09-12T07:59:54.481460+00:00
Mass Magnetics,Mass Magnetics,0.9,NEW_CANONICAL,Y Combinator Product Directory,2026-09-12T07:59:54.484241+00:00
Perceptron ML,Perceptron ML,0.9,NEW_CANONICAL,Y Combinator Product Directory,2026-09-12T07:59:54.486807+00:00
Erinys,Erinys,0.9,NEW_CANONICAL,Y Combinator Product Directory,2026-09-12T07:59:54.488581+00:00
HERA,Hera,0.9,NEW_CANONICAL,Y Combinator Product Directory,2026-09-12T07:59:54.490123+00:00
Donkey,Donkey,0.9,NEW_CANONICAL,Y Combinator Product Directory,2026-09-12T07:59:54.491808+00:00
Moonshot,Moonshot,0.9,NEW_CANONICAL,Y Combinator Product Directory,2026-09-12T07:59:54.493615+00:00
Hoplite,Hoplite,0.9,NEW_CANONICAL,Y Combinator Product Directory,2026-09-12T07:59:54.495573+00:00
Pango,Pango,0.9,NEW_CANONICAL,Y Combinator Product Directory,2026-09-12T07:59:54.497204+00:00
tash,Tash,0.9,NEW_CANONICAL,Y Combinator Product Directory,2026-09-12T07:59:54.498878+00:00
Torus,Torus,0.9,NEW_CANONICAL,Y Combinator Product Directory,2026-09-12T07:59:54.500385+00:00
Kebra,Kebra,0.9,NEW_CANONICAL,Y Combinator Product Directory,2026-09-12T07:59:54.502019+00:00
GitCafe,GitCafe,0.9,NEW_CANONICAL,Y Combinator Product Directory,2026-09-12T07:59:54.504243+00:00
RightNow,RightNow,0.9,NEW_CANONICAL,Y Combinator Product Directory,2026-09-12T07:59:54.506271+00:00
Edgerun,Edgerun,0.9,NEW_CANONICAL,Y Combinator Product Directory,2026-09-12T07:59:54.508028+00:00
Akkari,Akkari,0.9,NEW_CANONICAL,Y Combinator Product Directory,2026-09-12T07:59:54.509952+00:00
HeyClicky,HeyClicky,0.9,NEW_CANONICAL,Y Combinator Product Directory,2026-09-12T07:59:54.512064+00:00
Rindler,Rindler,0.9,NEW_CANONICAL,Y Combinator Product Directory,2026-09-12T07:59:54.514111+00:00
Proprio Robotics,Proprio Robotics,0.9,NEW_CANONICAL,Y Combinator Product Directory,2026-09-12T07:59:54.517063+00:00
Huscarl,Huscarl,0.9,NEW_CANONICAL,Y Combinator Product Directory,2026-09-12T07:59:54.519058+00:00
Thomas,Thomas,0.9,NEW_CANONICAL,Y Combinator Product Directory,2026-09-12T07:59:54.520857+00:00
Cohesion,Cohesion,0.9,NEW_CANONICAL,Y Combinator Product Directory,2026-09-12T07:59:54.522967+00:00
Maquoketa Research,Maquoketa Research,0.9,NEW_CANONICAL,Y Combinator Product Directory,2026-09-12T07:59:54.526017+00:00
Intelligence Factory,Intelligence Factory,0.9,NEW_CANONICAL,Y Combinator Product Directory,2026-09-12T07:59:54.529254+00:00
Amorphic Labs,Amorphic,0.9,NEW_CANONICAL,Y Combinator Product Directory,2026-09-12T07:59:54.531220+00:00
rekursiv.ai,Rekursiv.Ai,0.9,NEW_CANONICAL,Y Combinator Product Directory,2026-09-12T07:59:54.533182+00:00
Clawvisor,Clawvisor,0.9,NEW_CANONICAL,Y Combinator Product Directory,2026-09-12T07:59:54.535357+00:00
Framewise Health,Framewise Health,0.9,NEW_CANONICAL,Y Combinator Product Directory,2026-09-12T07:59:54.538380+00:00
Arctic Health,Arctic Health,0.9,NEW_CANONICAL,Y Combinator Product Directory,2026-09-12T07:59:54.541737+00:00
Enjamb Labs,Enjamb,0.9,NEW_CANONICAL,Y Combinator Product Directory,2026-09-12T07:59:54.543488+00:00
Hyper,Hyper,0.9,NEW_CANONICAL,Y Combinator Product Directory,2026-09-12T07:59:54.545021+00:00
InsForge,InsForge,0.9,NEW_CANONICAL,Y Combinator Product Directory,2026-09-12T07:59:54.546955+00:00
ReasonBlocks,ReasonBlocks,0.9,NEW_CANONICAL,Y Combinator Product Directory,2026-09-12T07:59:54.549390+00:00
Modern,Modern,0.9,NEW_CANONICAL,Y Combinator Product Directory,2026-09-12T07:59:54.551111+00:00
Panacea,Panacea,0.9,NEW_CANONICAL,Y Combinator Product Directory,2026-09-12T07:59:54.553153+00:00
CentralComs,CentralComs,0.9,NEW_CANONICAL,Y Combinator Product Directory,2026-09-12T07:59:54.555537+00:00
KugelAudio,KugelAudio,0.9,NEW_CANONICAL,Y Combinator Product Directory,2026-09-12T07:59:54.557848+00:00
Klaimee,Klaimee,0.9,NEW_CANONICAL,Y Combinator Product Directory,2026-09-12T07:59:54.559682+00:00
flowscope,Flowscope,0.9,NEW_CANONICAL,Y Combinator Product Directory,2026-09-12T07:59:54.562002+00:00
Trident,Trident,0.9,NEW_CANONICAL,Y Combinator Product Directory,2026-09-12T07:59:54.565259+00:00
Gigacatalyst,Gigacatalyst,0.9,NEW_CANONICAL,Y Combinator Product Directory,2026-09-12T07:59:54.568198+00:00
Arlo Industries,Arlo Industries,0.9,NEW_CANONICAL,Y Combinator Product Directory,2026-09-12T07:59:54.573876+00:00
Astraea,Astraea,0.9,NEW_CANONICAL,Y Combinator Product Directory,2026-09-12T07:59:54.577325+00:00
Lattice Health,Lattice Health,0.9,NEW_CANONICAL,Y Combinator Product Directory,2026-09-12T07:59:54.580209+00:00
Atlas Discovery,Atlas Discovery,0.9,NEW_CANONICAL,Y Combinator Product Directory,2026-09-12T07:59:54.582991+00:00
Manicule,Manicule,0.9,NEW_CANONICAL,Y Combinator Product Directory,2026-09-12T07:59:54.585073+00:00
Avea Robotics,Avea Robotics,0.9,NEW_CANONICAL,Y Combinator Product Directory,2026-09-12T07:59:54.587761+00:00
Mochatrade,Mochatrade,0.9,NEW_CANONICAL,Y Combinator Product Directory,2026-09-12T07:59:54.590100+00:00
Asendia AI,Asendia AI,0.9,NEW_CANONICAL,Y Combinator Product Directory,2026-09-12T07:59:54.592592+00:00
Revnu,Revnu,0.9,NEW_CANONICAL,Y Combinator Product Directory,2026-09-12T07:59:54.594177+00:00
Uno Wallet,Uno Wallet,0.9,NEW_CANONICAL,Y Combinator Product Directory,2026-09-12T07:59:54.596538+00:00
Arden,Arden,0.9,NEW_CANONICAL,Y Combinator Product Directory,2026-09-12T07:59:54.598140+00:00
AgentPhone,AgentPhone,0.9,NEW_CANONICAL,Y Combinator Product Directory,2026-09-12T07:59:54.600331+00:00
Gravy,Gravy,0.9,NEW_CANONICAL,Y Combinator Product Directory,2026-09-12T07:59:54.601910+00:00
Kinect,Kinect,0.9,NEW_CANONICAL,Y Combinator Product Directory,2026-09-12T07:59:54.604233+00:00
Runtime,Runtime,0.9,NEW_CANONICAL,Y Combinator Product Directory,2026-09-12T07:59:54.606185+00:00
YouArt,YouArt,0.9,NEW_CANONICAL,Y Combinator Product Directory,2026-09-12T07:59:54.608304+00:00
Expanse,Expanse,0.9,NEW_CANONICAL,Y Combinator Product Directory,2026-09-12T07:59:54.610257+00:00
CharacterQuilt,CharacterQuilt,0.9,NEW_CANONICAL,Y Combinator Product Directory,2026-09-12T07:59:54.612987+00:00
Pentagon,Pentagon,0.9,NEW_CANONICAL,Y Combinator Product Directory,2026-09-12T07:59:54.615148+00:00
Arzana,Arzana,0.9,NEW_CANONICAL,Y Combinator Product Directory,2026-09-12T07:59:54.616877+00:00
Auxos,Auxos,0.9,NEW_CANONICAL,Y Combinator Product Directory,2026-09-12T07:59:54.618370+00:00
ProjectX,ProjectX,0.9,NEW_CANONICAL,Y Combinator Product Directory,2026-09-12T07:59:54.620464+00:00
Tolmo,Tolmo,0.9,NEW_CANONICAL,Y Combinator Product Directory,2026-09-12T07:59:54.622098+00:00
OpenWork,OpenWork,0.9,NEW_CANONICAL,Y Combinator Product Directory,2026-09-12T07:59:54.624565+00:00
"Apollo Atomics, Inc.",Apollo Atomics,0.9,NEW_CANONICAL,Y Combinator Product Directory,2026-09-12T07:59:54.627386+00:00
General Aviation,General Aviation,0.9,NEW_CANONICAL,Y Combinator Product Directory,2026-09-12T07:59:54.630318+00:00
OpenProse,OpenProse,0.9,NEW_CANONICAL,Y Combinator Product Directory,2026-09-12T07:59:54.632418+00:00
Aster,Aster,0.9,NEW_CANONICAL,Y Combinator Product Directory,2026-09-12T07:59:54.634014+00:00
Amboras,Amboras,0.9,NEW_CANONICAL,Y Combinator Product Directory,2026-09-12T07:59:54.635877+00:00
Hessian,Hessian,0.9,NEW_CANONICAL,Y Combinator Product Directory,2026-09-12T07:59:54.638305+00:00
Mentlio,Mentlio,0.9,NEW_CANONICAL,Y Combinator Product Directory,2026-09-12T07:59:54.640340+00:00
RASPIRE,Raspire,0.9,NEW_CANONICAL,Y Combinator Product Directory,2026-09-12T07:59:54.642396+00:00
Plena Health,Plena Health,0.9,NEW_CANONICAL,Y Combinator Product Directory,2026-09-12T07:59:54.644896+00:00
TesterArmy,TesterArmy,0.9,NEW_CANONICAL,Y Combinator Product Directory,2026-09-12T07:59:54.647165+00:00
Eden Robotics,Eden Robotics,0.9,NEW_CANONICAL,Y Combinator Product Directory,2026-09-12T07:59:54.649844+00:00
Foaster,Foaster,0.9,NEW_CANONICAL,Y Combinator Product Directory,2026-09-12T07:59:54.651821+00:00
AquaShield,AquaShield,0.9,NEW_CANONICAL,Y Combinator Product Directory,2026-09-12T07:59:54.654463+00:00
Ornadyne,Ornadyne,0.9,NEW_CANONICAL,Y Combinator Product Directory,2026-09-12T07:59:54.656669+00:00
ANORIA,Anoria,0.9,NEW_CANONICAL,Y Combinator Product Directory,2026-09-12T07:59:54.658555+00:00
AbInitio Bio,AbInitio Bio,0.9,NEW_CANONICAL,Y Combinator Product Directory,2026-09-12T07:59:54.660913+00:00
Memory Store,Memory Store,0.9,NEW_CANONICAL,Y Combinator Product Directory,2026-09-12T07:59:54.663256+00:00
Saudara AI,Saudara AI,0.9,NEW_CANONICAL,Y Combinator Product Directory,2026-09-12T07:59:54.665546+00:00
Pops,Pops,0.9,NEW_CANONICAL,Y Combinator Product Directory,2026-09-12T07:59:54.666831+00:00
Silmaril,Silmaril,0.9,NEW_CANONICAL,Y Combinator Product Directory,2026-09-12T07:59:54.668834+00:00
BioStack Platforms,BioStack Platforms,0.9,NEW_CANONICAL,Y Combinator Product Directory,2026-09-12T07:59:54.672362+00:00
Ardent,Ardent,0.9,NEW_CANONICAL,Y Combinator Product Directory,2026-09-12T07:59:54.674130+00:00
Kuli,Kuli,0.9,NEW_CANONICAL,Y Combinator Product Directory,2026-09-12T07:59:54.675564+00:00
Wato,Wato,0.9,NEW_CANONICAL,Y Combinator Product Directory,2026-09-12T07:59:54.677062+00:00
Tasklet,Tasklet,0.9,NEW_CANONICAL,Y Combinator Product Directory,2026-09-12T07:59:54.678915+00:00
Chronicle Labs,Chronicle,0.9,NEW_CANONICAL,Y Combinator Product Directory,2026-09-12T07:59:54.681247+00:00
Walter,Walter,0.9,NEW_CANONICAL,Y Combinator Product Directory,2026-09-12T07:59:54.683047+00:00
Aseon Labs,Aseon,0.9,NEW_CANONICAL,Y Combinator Product Directory,2026-09-12T07:59:54.684923+00:00
Soria,Soria,0.9,NEW_CANONICAL,Y Combinator Product Directory,2026-09-12T07:59:54.686876+00:00
Armature,Armature,0.9,NEW_CANONICAL,Y Combinator Product Directory,2026-09-12T07:59:54.688892+00:00
Collar,Collar,0.9,NEW_CANONICAL,Y Combinator Product Directory,2026-09-12T07:59:54.690728+00:00
PLAN0 AI,Plan0 Ai,0.9,NEW_CANONICAL,Y Combinator Product Directory,2026-09-12T07:59:54.692733+00:00
Zibra Labs,Zibra,0.9,NEW_CANONICAL,Y Combinator Product Directory,2026-09-12T07:59:54.694386+00:00
Reason Machines,Reason Machines,0.9,NEW_CANONICAL,Y Combinator Product Directory,2026-09-12T07:59:54.697229+00:00
ValCtrl,ValCtrl,0.9,NEW_CANONICAL,Y Combinator Product Directory,2026-09-12T07:59:54.698967+00:00
General Instinct,General Instinct,0.9,NEW_CANONICAL,Y Combinator Product Directory,2026-09-12T07:59:54.701910+00:00
tday.com,Tday.Com,0.9,NEW_CANONICAL,Y Combinator Product Directory,2026-09-12T07:59:54.703387+00:00
E1O,E1O,0.9,NEW_CANONICAL,Y Combinator Product Directory,2026-09-12T07:59:54.704587+00:00
Minicor,Minicor,0.9,NEW_CANONICAL,Y Combinator Product Directory,2026-09-12T07:59:54.706402+00:00
Degla Inc,Degla,0.9,NEW_CANONICAL,Y Combinator Product Directory,2026-09-12T07:59:54.708024+00:00
Archer,Archer,0.9,NEW_CANONICAL,Y Combinator Product Directory,2026-09-12T07:59:54.709666+00:00
River Markets,River Markets,0.9,NEW_CANONICAL,Y Combinator Product Directory,2026-09-12T07:59:54.712891+00:00
smol machines,Smol Machines,0.9,NEW_CANONICAL,Y Combinator Product Directory,2026-09-12T07:59:54.715558+00:00
Allowance,Allowance,0.9,NEW_CANONICAL,Y Combinator Product Directory,2026-09-12T07:59:54.717507+00:00
Harbor,Harbor,0.9,NEW_CANONICAL,Y Combinator Product Directory,2026-09-12T07:59:54.719179+00:00
Complir,Complir,0.9,NEW_CANONICAL,Y Combinator Product Directory,2026-09-12T07:59:54.721099+00:00
AICE,Aice,0.9,NEW_CANONICAL,Y Combinator Product Directory,2026-09-12T07:59:54.722442+00:00
Infera,Infera,0.9,NEW_CANONICAL,Y Combinator Product Directory,2026-09-12T07:59:54.724099+00:00
Mount,Mount,0.9,NEW_CANONICAL,Y Combinator Product Directory,2026-09-12T07:59:54.725810+00:00
Parrot,Parrot,0.9,NEW_CANONICAL,Y Combinator Product Directory,2026-09-12T07:59:54.727552+00:00
Result,Result,0.9,NEW_CANONICAL,Y Combinator Product Directory,2026-09-12T07:59:54.729204+00:00
Sidekick,Sidekick,0.9,NEW_CANONICAL,Y Combinator Product Directory,2026-09-12T07:59:54.731124+00:00
Prototyping.io,Prototyping.io,0.9,NEW_CANONICAL,Y Combinator Product Directory,2026-09-12T07:59:54.733371+00:00
Lumius,Lumius,0.9,NEW_CANONICAL,Y Combinator Product Directory,2026-09-12T07:59:54.735281+00:00
Adialante,Adialante,0.9,NEW_CANONICAL,Y Combinator Product Directory,2026-09-12T07:59:54.737689+00:00
Savant,Savant,0.9,NEW_CANONICAL,Y Combinator Product Directory,2026-09-12T07:59:54.739484+00:00
Keyframe Labs,Keyframe,0.9,NEW_CANONICAL,Y Combinator Product Directory,2026-09-12T07:59:54.741875+00:00
Voquill,Voquill,0.9,NEW_CANONICAL,Y Combinator Product Directory,2026-09-12T07:59:54.743586+00:00
Oddpool,Oddpool,0.9,NEW_CANONICAL,Y Combinator Product Directory,2026-09-12T07:59:54.745437+00:00
Ontora,Ontora,0.9,NEW_CANONICAL,Y Combinator Product Directory,2026-09-12T07:59:54.747461+00:00
Napkin Math,Napkin Math,0.9,NEW_CANONICAL,Y Combinator Product Directory,2026-09-12T07:59:54.749893+00:00
Gojiberry AI,Gojiberry AI,0.9,NEW_CANONICAL,Y Combinator Product Directory,2026-09-12T07:59:54.752409+00:00
WonderTx,WonderTx,0.9,NEW_CANONICAL,Y Combinator Product Directory,2026-09-12T07:59:54.754423+00:00
Lab0,Lab0,0.9,NEW_CANONICAL,Y Combinator Product Directory,2026-09-12T07:59:54.755890+00:00
BentoLabs AI,BentoLabs AI,0.9,NEW_CANONICAL,Y Combinator Product Directory,2026-09-12T07:59:54.758424+00:00
Lamina Labs,Lamina,0.9,NEW_CANONICAL,Y Combinator Product Directory,2026-09-12T07:59:54.760244+00:00
Kimpton,Kimpton,0.9,NEW_CANONICAL,Y Combinator Product Directory,2026-09-12T07:59:54.762020+00:00
StableBrowse,StableBrowse,0.9,NEW_CANONICAL,Y Combinator Product Directory,2026-09-12T07:59:54.764701+00:00
Taiga,Taiga,0.9,NEW_CANONICAL,Y Combinator Product Directory,2026-09-12T07:59:54.766357+00:00
Pairio,Pairio,0.9,NEW_CANONICAL,Y Combinator Product Directory,2026-09-12T07:59:54.768134+00:00
Callab AI,Callab AI,0.9,NEW_CANONICAL,Y Combinator Product Directory,2026-09-12T07:59:54.770766+00:00
Synphony,Synphony,0.9,NEW_CANONICAL,Y Combinator Product Directory,2026-09-12T07:59:54.772607+00:00
Dreach,Dreach,0.9,NEW_CANONICAL,Y Combinator Product Directory,2026-09-12T07:59:54.774501+00:00
Arga Labs,Arga,0.9,NEW_CANONICAL,Y Combinator Product Directory,2026-09-12T07:59:54.775945+00:00
Andco,Andco,0.9,NEW_CANONICAL,Y Combinator Product Directory,2026-09-12T07:59:54.777658+00:00
RentAHuman,RentAHuman,0.9,NEW_CANONICAL,Y Combinator Product Directory,2026-09-12T07:59:54.780109+00:00
InstaAgent,InstaAgent,0.9,NEW_CANONICAL,Y Combinator Product Directory,2026-09-12T07:59:54.782318+00:00
Tech Company,Tech,0.9,NEW_CANONICAL,Jobicy,2026-09-12T07:59:54.783679+00:00
Tech Company,Tech,0.9,NEW_CANONICAL,Jobicy,2026-09-12T07:59:54.785099+00:00
Tech Company,Tech,0.9,NEW_CANONICAL,Jobicy,2026-09-12T07:59:54.786702+00:00
Tech Company,Tech,0.9,NEW_CANONICAL,Jobicy,2026-09-12T07:59:54.788159+00:00
Tech Company,Tech,0.9,NEW_CANONICAL,Jobicy,2026-09-12T07:59:54.789489+00:00
Tech Company,Tech,0.9,NEW_CANONICAL,Jobicy,2026-09-12T07:59:54.790802+00:00
Tech Company,Tech,0.9,NEW_CANONICAL,Jobicy,2026-09-12T07:59:54.792106+00:00
Tech Company,Tech,0.9,NEW_CANONICAL,Jobicy,2026-09-12T07:59:54.793464+00:00
Tech Company,Tech,0.9,NEW_CANONICAL,Jobicy,2026-09-12T07:59:54.794804+00:00
Tech Company,Tech,0.9,NEW_CANONICAL,Jobicy,2026-09-12T07:59:54.796092+00:00
Tech Company,Tech,0.9,NEW_CANONICAL,Jobicy,2026-09-12T07:59:54.797754+00:00
Tech Company,Tech,0.9,NEW_CANONICAL,Jobicy,2026-09-12T07:59:54.799110+00:00
Tech Company,Tech,0.9,NEW_CANONICAL,Jobicy,2026-09-12T07:59:54.800495+00:00
Tech Company,Tech,0.9,NEW_CANONICAL,Jobicy,2026-09-12T07:59:54.801905+00:00
Tech Company,Tech,0.9,NEW_CANONICAL,Jobicy,2026-09-12T07:59:54.803415+00:00
Tech Company,Tech,0.9,NEW_CANONICAL,Jobicy,2026-09-12T07:59:54.804755+00:00
Tech Company,Tech,0.9,NEW_CANONICAL,Jobicy,2026-09-12T07:59:54.806124+00:00
Tech Company,Tech,0.9,NEW_CANONICAL,Jobicy,2026-09-12T07:59:54.807534+00:00
Tech Company,Tech,0.9,NEW_CANONICAL,Jobicy,2026-09-12T07:59:54.809037+00:00
Tech Company,Tech,0.9,NEW_CANONICAL,Jobicy,2026-09-12T07:59:54.810437+00:00
Tech Company,Tech,0.9,NEW_CANONICAL,Jobicy,2026-09-12T07:59:54.811776+00:00
Tech Company,Tech,0.9,NEW_CANONICAL,Jobicy,2026-09-12T07:59:54.813070+00:00
Tech Company,Tech,0.9,NEW_CANONICAL,Jobicy,2026-09-12T07:59:54.814367+00:00
Tech Company,Tech,0.9,NEW_CANONICAL,Jobicy,2026-09-12T07:59:54.815669+00:00
Tech Company,Tech,0.9,NEW_CANONICAL,Jobicy,2026-09-12T07:59:54.817000+00:00
Tech Company,Tech,0.9,NEW_CANONICAL,Jobicy,2026-09-12T07:59:54.818323+00:00
Tech Company,Tech,0.9,NEW_CANONICAL,Jobicy,2026-09-12T07:59:54.819708+00:00
Tech Company,Tech,0.9,NEW_CANONICAL,Jobicy,2026-09-12T07:59:54.821058+00:00
Tech Company,Tech,0.9,NEW_CANONICAL,Jobicy,2026-09-12T07:59:54.822344+00:00
Tech Company,Tech,0.9,NEW_CANONICAL,Jobicy,2026-09-12T07:59:54.823637+00:00
Tech Company,Tech,0.9,NEW_CANONICAL,Jobicy,2026-09-12T07:59:54.824944+00:00
Tech Company,Tech,0.9,NEW_CANONICAL,Jobicy,2026-09-12T07:59:54.826267+00:00
Tech Company,Tech,0.9,NEW_CANONICAL,Jobicy,2026-09-12T07:59:54.827560+00:00
Tech Company,Tech,0.9,NEW_CANONICAL,Jobicy,2026-09-12T07:59:54.828824+00:00
Tech Company,Tech,0.9,NEW_CANONICAL,Jobicy,2026-09-12T07:59:54.830104+00:00
Tech Company,Tech,0.9,NEW_CANONICAL,Jobicy,2026-09-12T07:59:54.831382+00:00
Tech Company,Tech,0.9,NEW_CANONICAL,Jobicy,2026-09-12T07:59:54.832680+00:00
Tech Company,Tech,0.9,NEW_CANONICAL,Jobicy,2026-09-12T07:59:54.833957+00:00
Tech Company,Tech,0.9,NEW_CANONICAL,Jobicy,2026-09-12T07:59:54.835224+00:00
Tech Company,Tech,0.9,NEW_CANONICAL,Jobicy,2026-09-12T07:59:54.836479+00:00
Tech Company,Tech,0.9,NEW_CANONICAL,Jobicy,2026-09-12T07:59:54.837776+00:00
Tech Company,Tech,0.9,NEW_CANONICAL,Jobicy,2026-09-12T07:59:54.839078+00:00
Tech Company,Tech,0.9,NEW_CANONICAL,Jobicy,2026-09-12T07:59:54.840656+00:00
Tech Company,Tech,0.9,NEW_CANONICAL,Jobicy,2026-09-12T07:59:54.842564+00:00
Tech Company,Tech,0.9,NEW_CANONICAL,Jobicy,2026-09-12T07:59:54.843948+00:00
Tech Company,Tech,0.9,NEW_CANONICAL,Jobicy,2026-09-12T07:59:54.845345+00:00
Tech Company,Tech,0.9,NEW_CANONICAL,Jobicy,2026-09-12T07:59:54.846689+00:00
Tech Company,Tech,0.9,NEW_CANONICAL,Jobicy,2026-09-12T07:59:54.848010+00:00
Tech Company,Tech,0.9,NEW_CANONICAL,Jobicy,2026-09-12T07:59:54.849313+00:00
Tech Company,Tech,0.9,NEW_CANONICAL,Jobicy,2026-09-12T07:59:54.850605+00:00
Tech Company,Tech,0.9,NEW_CANONICAL,Jobicy,2026-09-12T07:59:54.851912+00:00
Tech Company,Tech,0.9,NEW_CANONICAL,Jobicy,2026-09-12T07:59:54.853190+00:00
Tech Company,Tech,0.9,NEW_CANONICAL,Jobicy,2026-09-12T07:59:54.854529+00:00
Tech Company,Tech,0.9,NEW_CANONICAL,Jobicy,2026-09-12T07:59:54.856055+00:00
Tech Company,Tech,0.9,NEW_CANONICAL,Jobicy,2026-09-12T07:59:54.857422+00:00
Tech Company,Tech,0.9,NEW_CANONICAL,Jobicy,2026-09-12T07:59:54.858761+00:00
Tech Company,Tech,0.9,NEW_CANONICAL,Jobicy,2026-09-12T07:59:54.860151+00:00
Tech Company,Tech,0.9,NEW_CANONICAL,Jobicy,2026-09-12T07:59:54.861497+00:00
Tech Company,Tech,0.9,NEW_CANONICAL,Jobicy,2026-09-12T07:59:54.862854+00:00
Tech Company,Tech,0.9,NEW_CANONICAL,Jobicy,2026-09-12T07:59:54.864222+00:00
Tech Company,Tech,0.9,NEW_CANONICAL,Jobicy,2026-09-12T07:59:54.865582+00:00
Tech Company,Tech,0.9,NEW_CANONICAL,Jobicy,2026-09-12T07:59:54.866978+00:00
Tech Company,Tech,0.9,NEW_CANONICAL,Jobicy,2026-09-12T07:59:54.868370+00:00
Tech Company,Tech,0.9,NEW_CANONICAL,Jobicy,2026-09-12T07:59:54.869736+00:00
Tech Company,Tech,0.9,NEW_CANONICAL,Jobicy,2026-09-12T07:59:54.871135+00:00
Tech Company,Tech,0.9,NEW_CANONICAL,Jobicy,2026-09-12T07:59:54.872497+00:00
Tech Company,Tech,0.9,NEW_CANONICAL,Jobicy,2026-09-12T07:59:54.873872+00:00
Tech Company,Tech,0.9,NEW_CANONICAL,Jobicy,2026-09-12T07:59:54.875245+00:00
Tech Company,Tech,0.9,NEW_CANONICAL,Jobicy,2026-09-12T07:59:54.876623+00:00
Tech Company,Tech,0.9,NEW_CANONICAL,Jobicy,2026-09-12T07:59:54.878124+00:00
Tech Company,Tech,0.9,NEW_CANONICAL,Jobicy,2026-09-12T07:59:54.879660+00:00
Tech Company,Tech,0.9,NEW_CANONICAL,Jobicy,2026-09-12T07:59:54.881084+00:00
Tech Company,Tech,0.9,NEW_CANONICAL,Jobicy,2026-09-12T07:59:54.882489+00:00
